name0,name1,name2,name3,name4,name5,name6,name7,name8,name9,name10,name11,name12,name13,name14,name15,name16,name17,name18,name19,name20,name21,name22,name23,name24,name25,name26,name27,name28,name29,name30,name31,name32,name33,name34,name35,name36,name37,name38,name39,name40,name41,name42,name43,name44,name45,name46,name47,name48,name49,name50,name51,name52,name53,name54,name55,name56,name57,name58,name59,name60,name61,name62,name63,name64,name65,name66,name67,name68,name69,name70,name71,name72,name73,name74,name75,name76,name77,name78,name79,name80,name81,name82,name83,name84,name85,name86,name87,name88,name89,name90,name91,name92,name93,name94,name95,name96,name97,name98,name99,name100,name101,name102,name103,name104,name105,name106,name107,name108,name109,name110,name111,name112,name113,name114,name115,name116,name117,name118,name119,name120,name121,name122,name123,name124,name125,name126,name127,name128,name129,name130,name131,name132,name133,name134,name135,name136,name137,name138,name139,name140,name141,name142,name143,name144,name145,name146,name147,name148,name149,name150,name151,name152,name153,name154,name155,name156,name157,name158,name159,name160,name161,name162,name163,name164,name165,name166,name167,name168,name169,name170,name171,name172,name173,name174,name175,name176,name177,name178,name179,name180,name181,name182,name183,name184,name185,name186,name187,name188,name189,name190,name191,name192,name193,name194,name195,name196,name197,name198,name199
H15,H15,H15,H15,H15,H15,H15,H15,H15,H15,H15,H15,H15,H15,H15,H15,H15,H15,H15,H15,H15,H15,H15,H15,H15,H15,H15,H15,H15,H15,H15,H15,H15,H15,H15,H15,H15,H15,H15,H15,H15,H15,H15,H15,H15,H15,H15,H15,H15,H15,H15,H15,H15,H15,H15-16,H15-16,H15-16,H15-16,H15-16,H15-16,H15-16,H15-16,H15-16,H15-16,H15-16,H15-16,H15-16,H15-16,H15-16,H15-16,H15-16,H15-16,H15-16,H15-16,H15-16,H15-16,H15-16,H15-16,H15-16,H15-16,H15-16,H15-16,H15-16,H15-16,H15-16,H15-16,H15-16,H15-16,H15-16,H15-16,H15-16,H15-16,H15-16,H15-16,H15-16,H15-16,H15-16,H15-16,H15-16,H15-16,H15-16,H15-16,H15-16,H15-16,H15-16,H15-16,H15-16,H15-16,H15-16,H15-16,H15-16,H15-16,H15-16,H15-16,H15-16,H15-16,H15-16,H15-16,H15-16,H15-16,H15-16,H15-16,H14-16,H14-16,H14-16,H14-16,H14-16,H14-16,H14-16,H14-16,H14-16,H14-16,H14-16,H14-16,H14-16,H14-16,H14-16,H14-16,H14-16,H14-16,H14-16,H14-16,H14-16,H14-16,H14-16,H14-16,H14-16,H14-16,H14-16,H14-16,H14-16,H14-16,H14-16,H14-16,H14-16,H14-16,H14-16,H14-16,H14-16,H14-16,H14-16,H14-16,H14-16,H11-16,H11-16,H11-16,H11-16,H11-16,H11-16,H11-16,H11-16,H11-16,H11-16,H11-16,H11-16,H11-16,H11-16,H11-16,H,H,H,H,H,H,H,H,H,H,H,H,H,G-H,G-H,G-H,G-H,G-H,G-H,G-L,D-L,A-L
L5,L5,L5,L5,L5,L5,L5,L5,L5,L5,L5,L5-6,L5-6,L5-6,L5-6,L5-6,L5-6,L5-6,L5-6,L5-6,L5-6,L5-6,L5-6,L5-6,L5-6,L5-6,L5-6,L5-6,L5-6,L5-6,L5-6,L5-6,L5-6,L5-6,L5-6,L5-6,L5-6,L5-6,L5-6,L4-6,L4-6,L4-6,L4-6,L4-6,L4-6,L4-6,L4-6,L4-6,L4-6,L4-6,L4-6,L4-6,L4-6,L4-6,L4-6,L4-6,L4-6,L4-6,L4-6,L4-6,L4-6,L4-6,L4-6,L4-6,L4-6,L4-6,L4-6,L3-6,L3-6,L3-6,L3-6,L3-6,L3-6,L3-6,L3-6,L3-6,L3-6,L3-6,L3-6,L3-6,L3-6,L3-6,L3-6,L3-6,L3-6,L3-6,L3-6,L3-6,L3-6,L3-6,L3-6,L3-6,L3-6,L3-6,L3-6,L3-6,L3-6,L3-6,L3-6,L3-6,L3-6,L3-6,L3-6,L3-6,L3-6,L3-6,L3-6,L3-6,L3-6,L3-6,L3-6,L3-6,L3-6,L3-6,L3-6,L3-6,L3-6,L3-6,L3-6,L3-6,L3-6,L3-6,L3-6,L3-6,L3-6,L3-6,L3-6,L3-6,L3-6,L3-6,L3-6,L3-6,L3-6,L3-6,L3-6,L3-6,L3-6,L3-6,L3-6,L3-6,L3-6,L3-6,L3-6,L3-6,L3-6,L3-6,L3-6,L3-6,L3-6,L3-6,L3-6,L3-6,L3-6,L3-6,L3-6,L3-6,L3-6,L3-6,L3-12,L3-12,L3-12,L3-12,L3-12,L3-12,L3-12,L3-12,L3-12,L3-12,L3-12,L3-12,L3-12,L3-12,L0-12,L0-12,L0-12,L0-12,L0-12,L0-12,L0-12,L0-12,L0-12,L0-12,L0-12,L0-12,L,L,L,L,L,L,L,L,K-L,K-L,J-L,J-L,I-L,G-L,D-L,A-L
J7,J7,J7,J7,J7,J7,J7-8,J7-8,J7-8,J7-8,J7-8,J7-8,J7-8,J7-8,J7-8,J7-8,J7-8,J7-8,J7-8,J7-8,J7-8,J7-8,J7-8,J7-8,J7-8,J7-8,J7-8,J7-8,J7-8,J7-8,J7-8,J7-8,J7-8,J7-8,J7-8,J7-8,J7-8,J7-8,J7-8,J7-8,J7-8,J7-8,J7-8,J7-8,J7-8,J7-8,J7-8,J7-8,J7-8,J7-8,J7-8,J7-8,J7-8,J7-8,J7-8,J7-8,J7-8,J7-8,J7-8,J7-8,J7-8,J7-8,J7-8,J7-8,J7-8,J7-8,J7-8,J7-8,J7-8,J7-8,J7-8,J7-8,J7-8,J7-8,J7-10,J7-10,J7-10,J7-10,J7-10,J7-10,J7-10,J7-10,J7-10,J7-10,J7-10,J7-10,J7-10,J7-10,J7-10,J7-10,J7-10,J7-10,J7-10,J7-10,J7-10,J7-10,J7-10,J7-10,J7-10,J7-10,J7-10,J7-10,J7-10,J5-10,J5-10,J5-10,J5-10,J5-10,J5-10,J5-10,J5-10,J5-10,J5-10,J5-10,J5-10,J5-10,J5-10,J5-10,J5-10,J5-10,J5-10,J5-10,J5-10,J5-10,J5-10,J5-10,J5-10,J5-10,J5-10,J1-10,J1-10,J1-10,J1-10,J1-10,J1-10,J1-10,J1-10,J1-10,J1-10,J1-10,J1-10,J1-10,J1-10,J1-10,J1-10,J1-10,J1-10,J1-10,J1-10,J1-10,J1-10,J1-10,J1-10,J1-10,J1-10,J1-10,J0-10,J0-10,J0-10,J0-10,J0-10,J0-10,J0-10,J0-10,J0-10,J0-10,J0-10,J0-10,J0-10,J0-10,J0-10,J0-10,J0-10,J0-10,J0-10,J0-10,J0-10,J0-10,J0-10,J0-10,J0-10,J0-10,J0-10,J0-10,J0-10,J,J,J,J,J,J,J,J,J,J-L,J-L,I-L,G-L,D-L,A-L
G6,G6,G6,G6,G6,G6,G6,G6,G6,G6,G6,G6,G6,G6,G6,G6,G6,G6,G6,G6,G6,G6,G6,G6,G6,G6,G6,G6,G6,G6,G6,G6,G6,G6,G6,G6,G6,G6,G6,G6,G6,G6,G6,G6,G6,G6,G6,G6,G6,G6,G6,G6,G6,G6,G6,G6,G6-7,G6-7,G6-7,G6-7,G6-7,G6-7,G6-7,G6-7,G6-7,G6-7,G6-7,G6-7,G6-7,G6-7,G6-7,G6-7,G6-7,G6-7,G6-7,G6-7,G6-7,G6-7,G6-7,G6-7,G6-7,G6-7,G6-7,G6-7,G6-7,G6-7,G6-7,G6-7,G6-7,G6-7,G6-7,G6-7,G6-7,G5-7,G5-7,G5-7,G5-7,G5-7,G5-7,G5-7,G5-7,G5-7,G5-7,G5-7,G5-7,G5-7,G5-7,G5-7,G5-7,G5-7,G5-7,G5-7,G5-7,G5-7,G5-7,G5-7,G5-7,G5-7,G4-7,G4-7,G4-7,G4-7,G4-7,G4-7,G4-7,G4-7,G4-7,G4-7,G4-7,G4-7,G4-7,G4-7,G4-7,G4-7,G4-7,G4-7,G4-7,G4-7,G4-7,G4-7,G4-7,G4-7,G4-7,G4-7,G4-7,G4-7,G4-7,G4-7,G4-7,G4-7,G4-7,G4-7,G4-7,G4-9,G4-9,G4-9,G4-9,G4-9,G4-9,G4-9,G4-9,G4-9,G4-9,G4-9,G4-9,G4-9,G4-9,G4-9,G4-9,G4-9,G4-9,G,G,G,G,G,G,G,G,G,G,G,G,G,G,G,G,G,G,G,G,G-H,G-H,G-H,G-H,G-H,G-H,G-L,D-L,A-L
F10,F10,F10,F10,F10,F10,F10,F10,F10,F10,F10,F10,F10,F10,F10,F10,F10,F10,F10,F10,F10,F10,F10,F10,F10,F10,F10,F10,F10,F10,F10,F10,F10,F10,F10,F10,F10,F10,F10,F10,F10,F10,F10,F10,F10,F10,F10,F10,F10,F10,F10,F10,F10,F10,F10,F10,F10,F10,F10,F10,F10,F10,F10-11,F10-11,F10-11,F10-11,F10-11,F10-11,F10-11,F10-11,F10-11,F10-11,F10-11,F10-11,F10-11,F10-11,F10-11,F10-11,F10-11,F10-11,F10-11,F10-11,F10-11,F10-11,F10-11,F10-11,F10-11,F10-11,F10-11,F10-11,F10-11,F10-11,F10-11,F10-11,F10-11,F10-11,F10-11,F10-11,F10-11,F10-11,F10-11,F10-11,F10-11,F10-11,F10-11,F10-11,F10-11,F10-11,F10-11,F10-11,F10-11,F10-11,F10-11,F10-11,F10-11,F10-11,F10-11,F10-11,F10-11,F10-11,F10-11,F10-11,F10-11,F10-11,F10-11,F10-11,F10-11,F10-11,F10-11,F10-11,F10-11,F10-11,F10-11,F10-11,F10-11,F10-11,F10-11,F10-11,F10-11,F10-11,F8-11,F8-11,F8-11,F8-11,F8-11,F8-11,F8-11,F8-11,F8-11,F8-11,F8-11,F8-11,F8-11,F8-11,F8-11,F8-11,F8-11,F8-11,F8-11,F8-11,F8-11,F8-11,F8-11,F8-11,F8-11,F8-11,F8-11,F8-11,F3-11,F3-11,F3-11,F3-11,F3-11,F3-11,F3-11,F3-11,F3-11,F3-11,F3-11,F3-11,F,F,F,F,F,F,F,F,F,E-F,E-F,E-F,E-F,D-F,D-F,D-F,D-F,D-F,D-L,A-L
K11,K11,K11,K11,K11,K11,K11,K11,K11,K11,K11,K11,K11,K11,K11,K11,K11,K11,K11,K11,K11,K11,K11,K11,K11,K11,K11,K11,K11,K11,K11,K11,K11,K11,K11,K11,K11,K11,K11,K11,K11,K11,K11,K11,K11,K11,K11,K11,K11,K11,K11,K11,K11,K11,K11,K11,K11,K11,K11,K11,K11,K11,K11,K11,K11,K11,K11-12,K11-12,K11-12,K11-12,K11-12,K11-12,K11-12,K11-12,K11-12,K11-12,K11-12,K11-12,K11-12,K11-12,K11-12,K11-12,K11-12,K11-12,K11-12,K11-12,K11-12,K11-12,K11-12,K11-12,K11-12,K11-12,K11-12,K11-12,K11-12,K11-12,K11-12,K11-12,K11-12,K11-12,K11-12,K11-12,K11-12,K11-12,K11-12,K11-12,K11-12,K11-12,K11-12,K11-12,K11-12,K11-12,K11-12,K11-12,K11-12,K11-12,K11-12,K11-12,K11-12,K11-12,K11-12,K11-12,K11-12,K11-12,K11-12,K11-12,K11-12,K11-12,K11-12,K11-12,K11-12,K11-12,K11-12,K11-12,K11-12,K11-12,K11-12,K11-12,K11-12,K11-12,K11-12,K11-12,K11-12,K11-12,K11-12,K11-12,K11-12,K11-12,K11-12,K11-12,K11-12,K11-12,K11-12,K11-12,K11-16,K11-16,K11-16,K11-16,K11-16,K11-16,K11-16,K11-16,K11-16,K11-16,K11-16,K11-16,K11-16,K11-16,K11-16,K11-16,K11-16,K11-16,K11-16,K6-16,K6-16,K6-16,K6-16,K6-16,K6-16,K,K,K,K,K,K,K,K,K,K,K,K,K,K-L,K-L,J-L,J-L,I-L,G-L,D-L,A-L
A11,A11,A11,A11,A11,A11,A11,A11,A11,A11,A11,A11,A11,A11,A11,A11,A11,A11,A11,A11,A11,A11,A11,A11,A11,A11,A11,A11,A11,A11,A11,A11,A11,A11,A11,A11,A11,A11,A11,A11,A11,A11,A11,A11,A11,A11,A11,A11,A11,A11,A11,A11,A11-12,A11-12,A11-12,A11-12,A11-12,A11-12,A11-12,A11-12,A11-12,A11-12,A11-12,A11-12,A11-12,A11-12,A11-12,A11-12,A11-12,A11-12,A11-12,A11-12,A11-12,A11-12,A11-12,A11-12,A11-12,A11-12,A11-12,A11-12,A11-12,A11-12,A11-12,A11-12,A11-12,A11-12,A11-12,A11-12,A11-12,A11-12,A11-12,A11-12,A11-12,A11-12,A11-12,A11-12,A9-12,A9-12,A9-12,A9-12,A9-12,A9-12,A9-12,A9-12,A9-12,A9-12,A9-12,A9-12,A9-12,A9-12,A9-12,A9-12,A9-12,A9-12,A9-12,A9-12,A9-12,A9-12,A9-12,A9-12,A9-12,A9-12,A9-12,A9-12,A9-12,A9-12,A9-12,A9-12,A9-12,A9-12,A9-12,A9-12,A9-12,A9-12,A9-12,A9-12,A9-12,A9-12,A9-12,A9-12,A9-12,A9-12,A9-12,A9-12,A9-12,A9-12,A9-12,A9-12,A9-12,A9-12,A9-12,A9-12,A9-12,A9-12,A9-12,A9-12,A9-12,A9-12,A9-12,A9-12,A9-12,A9-12,A9-12,A9-12,A9-12,A9-12,A9-12,A9-12,A9-12,A9-12,A9-12,A9-12,A9-12,A9-12,A9-12,A9-12,A9-12,A9-18,A9-18,A9-18,A9-18,A9-18,A9-18,A9-18,A9-18,A9-18,A9-18,A,A,A,A,A,A,A,A,A-C,A-C,A-C,A-C,A-L
I0,I0,I0,I0,I0,I0,I0,I0,I0,I0,I0,I0,I0,I0,I0,I0,I0,I0,I0,I0,I0,I0,I0,I0,I0,I0,I0,I0,I0,I0,I0,I0,I0,I0,I0,I0,I0,I0,I0,I0,I0,I0,I0,I0,I0,I0,I0,I0,I0,I0,I0,I0,I0,I0,I0,I0,I0,I0,I0,I0,I0,I0,I0,I0,I0,I0,I0,I0,I0,I0,I0,I0,I0,I0,I0,I0,I0-2,I0-2,I0-2,I0-2,I0-2,I0-2,I0-2,I0-2,I0-2,I0-2,I0-2,I0-2,I0-2,I0-2,I0-2,I0-2,I0-2,I0-2,I0-2,I0-2,I0-2,I0-2,I0-2,I0-2,I0-2,I0-2,I0-2,I0-2,I0-2,I0-2,I0-2,I0-2,I0-2,I0-2,I0-2,I0-2,I0-2,I0-2,I0-2,I0-2,I0-2,I0-2,I0-2,I0-2,I0-2,I0-2,I0-2,I0-2,I0-2,I0-2,I0-2,I0-2,I0-2,I0-2,I0-2,I0-2,I0-2,I0-2,I0-2,I0-2,I0-2,I0-2,I0-2,I0-2,I0-2,I0-2,I0-2,I0-2,I0-2,I0-2,I0-2,I0-2,I0-2,I0-2,I0-2,I0-2,I0-2,I0-2,I0-2,I0-2,I0-2,I0-2,I0-2,I0-2,I0-2,I0-5,I0-5,I0-5,I0-5,I0-5,I0-5,I0-5,I0-5,I0-5,I0-5,I0-5,I0-5,I0-5,I0-5,I0-5,I0-5,I0-5,I0-5,I0-5,I0-5,I0-5,I,I,I,I,I,I,I,I,I,I,I,I,I,I,I-L,G-L,D-L,A-L
H5,H5,H5,H5,H5,H5,H5,H5,H5,H5,H5,H5,H5,H5,H5-6,H5-6,H5-6,H5-6,H5-6,H5-6,H5-6,H5-6,H5-6,H5-6,H5-6,H5-6,H5-6,H5-6,H5-6,H5-6,H5-6,H4-6,H4-6,H4-6,H4-6,H4-6,H4-6,H4-6,H4-6,H4-6,H4-6,H4-6,H4-6,H4-6,H4-6,H4-6,H4-6,H4-6,H4-6,H4-6,H4-6,H4-6,H4-6,H4-6,H4-6,H4-6,H4-6,H4-6,H4-6,H4-6,H4-6,H4-6,H4-6,H4-6,H4-6,H4-6,H4-6,H4-6,H4-6,H4-6,H4-6,H4-6,H4-6,H4-6,H4-6,H4-6,H4-6,H4-6,H4-6,H4-6,H4-6,H4-6,H4-6,H4-6,H4-6,H4-6,H4-6,H4-6,H4-6,H4-6,H4-6,H4-6,H4-6,H4-6,H4-6,H4-6,H4-6,H4-6,H4-6,H4-6,H4-6,H4-6,H4-6,H4-6,H4-6,H4-6,H4-6,H4-6,H4-6,H4-6,H4-6,H4-6,H4-6,H4-6,H4-6,H4-6,H4-6,H4-6,H4-6,H4-6,H4-6,H4-6,H4-6,H4-6,H4-6,H4-6,H4-6,H4-6,H4-6,H4-6,H4-6,H4-6,H4-10,H4-10,H4-10,H4-10,H4-10,H4-10,H4-10,H4-10,H4-10,H4-10,H4-10,H4-10,H4-10,H4-10,H4-10,H4-10,H0-10,H0-10,H0-10,H0-10,H0-10,H0-10,H0-10,H0-10,H0-10,H0-10,H0-10,H0-10,H0-10,H0-10,H0-10,H0-10,H0-10,H0-10,H0-10,H0-10,H0-10,H0-10,H0-10,H0-10,H0-10,H0-10,H0-10,H0-10,H0-10,H0-10,H,H,H,H,H,H,H,H,H,H,H,H,H,G-H,G-H,G-H,G-H,G-H,G-H,G-L,D-L,A-L
B10,B10,B10,B10,B10,B10,B10,B10,B10,B10,B10,B10,B10,B10,B10,B10,B10,B10,B10,B10,B10,B10,B10-11,B10-11,B10-11,B10-11,B10-11,B10-11,B10-11,B10-11,B10-11,B10-11,B10-11,B10-11,B10-11,B10-11,B10-11,B10-11,B10-11,B10-11,B10-11,B10-11,B10-11,B10-11,B10-11,B10-11,B10-11,B10-11,B10-11,B10-11,B10-11,B10-11,B10-11,B10-11,B10-11,B10-11,B10-11,B10-11,B10-11,B10-11,B10-11,B10-11,B10-11,B10-11,B10-11,B10-11,B10-11,B10-11,B10-11,B10-11,B9-11,B9-11,B9-11,B9-11,B9-11,B9-11,B9-11,B9-11,B9-11,B9-11,B9-11,B9-11,B9-11,B9-11,B9-11,B9-11,B9-11,B9-11,B9-11,B9-11,B9-11,B9-11,B9-11,B9-11,B9-11,B9-11,B9-11,B9-11,B9-11,B9-11,B9-11,B9-11,B9-11,B9-11,B9-11,B9-11,B9-11,B9-11,B9-11,B9-11,B9-11,B9-11,B9-11,B9-11,B9-11,B9-11,B9-11,B9-11,B9-11,B9-11,B9-11,B9-11,B9-11,B9-11,B9-11,B9-11,B9-11,B9-14,B9-14,B9-14,B9-14,B9-14,B9-14,B9-14,B9-14,B9-14,B9-14,B9-14,B9-14,B9-14,B9-14,B9-14,B9-14,B9-14,B9-14,B9-14,B5-14,B5-14,B5-14,B5-14,B5-14,B5-14,B5-14,B5-14,B5-14,B5-14,B5-14,B5-14,B5-14,B5-14,B5-14,B5-14,B5-14,B5-14,B5-14,B5-14,B5-14,B5-14,B5-14,B0-14,B0-14,B0-14,B0-14,B0-14,B0-14,B0-14,B0-14,B0-14,B0-14,B0-14,B0-14,B0-14,B0-14,B0-14,B0-14,B0-14,B,B,B,B,B-C,B-C,B-C,B-C,B-C,A-C,A-C,A-C,A-C,A-L
H12,H12,H12,H12,H12,H12,H12,H12,H12,H12,H12,H12,H12,H12,H12,H12,H12,H12,H12,H12,H12,H12,H12,H12,H12,H12,H12,H12,H12,H12,H12,H12,H12,H12,H12,H12,H12,H12,H12,H12,H12,H12,H12,H12,H12,H12,H12,H12,H12,H12,H12,H12,H12,H12,H12,H12,H12,H12,H12-13,H12-13,H12-13,H12-13,H12-13,H12-13,H12-13,H12-13,H12-13,H12-13,H12-13,H12-13,H12-13,H12-13,H12-13,H12-13,H12-13,H12-13,H12-13,H12-13,H12-13,H12-13,H12-13,H12-13,H12-13,H12-13,H12-13,H12-13,H12-13,H12-13,H12-13,H12-13,H12-13,H12-13,H12-13,H12-13,H12-13,H12-13,H12-13,H12-13,H12-13,H12-13,H12-13,H12-13,H12-13,H12-13,H12-13,H12-13,H12-13,H11-13,H11-13,H11-13,H11-13,H11-13,H11-13,H11-13,H11-13,H11-13,H11-13,H11-13,H11-13,H11-13,H11-13,H11-13,H11-13,H11-13,H11-13,H11-13,H11-13,H11-13,H11-13,H11-13,H11-13,H11-13,H11-13,H11-13,H11-13,H11-13,H11-13,H11-13,H11-13,H11-13,H11-13,H11-13,H11-13,H11-13,H11-13,H11-13,H11-13,H11-13,H11-13,H11-13,H11-13,H11-13,H11-13,H11-13,H11-13,H11-13,H11-13,H11-13,H11-13,H11-13,H11-13,H11-13,H11-13,H11-16,H11-16,H11-16,H11-16,H11-16,H11-16,H11-16,H11-16,H11-16,H11-16,H11-16,H11-16,H11-16,H11-16,H11-16,H,H,H,H,H,H,H,H,H,H,H,H,H,G-H,G-H,G-H,G-H,G-H,G-H,G-L,D-L,A-L
D8,D8,D8,D8,D8,D8,D8,D8,D8,D8,D8,D8,D8,D8,D8,D8,D8,D8,D8,D8,D8,D8,D8,D8,D8,D8,D8,D8,D8,D8,D8,D8,D8,D8,D8,D8,D8,D8,D8,D8,D8,D8,D8,D8,D8,D8,D8,D8,D8,D8,D8,D8,D8,D8,D8,D8,D8,D8,D8,D8,D8,D8,D8,D8,D8,D8,D8,D8,D8,D8,D8,D8,D8,D8,D8,D8,D8,D8,D8,D8,D8,D8,D8,D8,D8,D8,D8-9,D8-9,D8-9,D8-9,D8-9,D8-9,D8-9,D8-9,D8-9,D8-9,D8-9,D8-9,D8-9,D8-9,D8-9,D8-9,D8-9,D8-9,D8-9,D8-9,D8-9,D8-9,D8-9,D8-9,D8-9,D8-9,D8-9,D8-9,D8-9,D8-9,D8-9,D8-9,D8-9,D8-9,D8-9,D8-9,D8-9,D8-9,D8-9,D8-9,D8-9,D8-9,D8-9,D8-9,D8-9,D8-9,D8-9,D8-9,D8-9,D8-9,D8-9,D8-9,D8-9,D8-9,D8-9,D8-9,D8-9,D8-9,D8-9,D8-9,D8-9,D8-9,D8-9,D8-9,D8-9,D8-9,D8-9,D8-9,D8-9,D8-9,D8-9,D8-9,D8-9,D8-9,D8-9,D8-9,D8-9,D8-9,D8-9,D8-9,D8-14,D8-14,D8-14,D8-14,D8-14,D8-14,D8-14,D8-14,D8-14,D8-14,D8-14,D8-14,D8-14,D8-14,D8-14,D8-14,D8-14,D,D,D,D,D,D,D,D,D,D,D-F,D-F,D-F,D-F,D-F,D-L,A-L
J5,J5,J5,J5,J5,J5,J5,J5,J5,J5,J5,J5,J5,J5,J5,J5,J5,J5,J5,J5,J5,J5,J5,J5,J5,J5,J5,J5,J5,J5,J5,J5,J5,J5,J5-6,J5-6,J5-6,J5-6,J5-6,J5-6,J5-6,J5-6,J5-6,J5-6,J5-6,J5-6,J5-6,J5-6,J5-6,J5-6,J5-6,J5-6,J5-6,J5-6,J5-6,J5-6,J5-6,J5-6,J5-6,J5-6,J5-6,J5-6,J5-6,J5-6,J5-6,J5-6,J5-6,J5-6,J5-6,J5-6,J5-6,J5-6,J5-6,J5-6,J5-6,J5-6,J5-6,J5-6,J5-6,J5-6,J5-6,J5-6,J5-6,J5-6,J5-6,J5-6,J5-6,J5-6,J5-6,J5-6,J5-6,J5-6,J5-6,J5-6,J5-6,J5-6,J5-6,J5-6,J5-6,J5-6,J5-6,J5-6,J5-6,J5-10,J5-10,J5-10,J5-10,J5-10,J5-10,J5-10,J5-10,J5-10,J5-10,J5-10,J5-10,J5-10,J5-10,J5-10,J5-10,J5-10,J5-10,J5-10,J5-10,J5-10,J5-10,J5-10,J5-10,J5-10,J5-10,J1-10,J1-10,J1-10,J1-10,J1-10,J1-10,J1-10,J1-10,J1-10,J1-10,J1-10,J1-10,J1-10,J1-10,J1-10,J1-10,J1-10,J1-10,J1-10,J1-10,J1-10,J1-10,J1-10,J1-10,J1-10,J1-10,J1-10,J0-10,J0-10,J0-10,J0-10,J0-10,J0-10,J0-10,J0-10,J0-10,J0-10,J0-10,J0-10,J0-10,J0-10,J0-10,J0-10,J0-10,J0-10,J0-10,J0-10,J0-10,J0-10,J0-10,J0-10,J0-10,J0-10,J0-10,J0-10,J0-10,J,J,J,J,J,J,J,J,J,J-L,J-L,I-L,G-L,D-L,A-L
A17,A17,A17,A17,A17,A17,A17,A17,A17,A17,A17,A17,A17,A17,A17,A17,A17,A17,A17,A17,A17,A17,A17,A17,A17,A17,A17,A17,A17,A17,A17,A17,A17,A17,A17,A17,A17,A17,A17,A17,A17,A17,A17,A17,A17,A17,A17,A17,A17-18,A17-18,A17-18,A17-18,A17-18,A17-18,A17-18,A17-18,A17-18,A17-18,A17-18,A17-18,A17-18,A17-18,A17-18,A17-18,A17-18,A17-18,A17-18,A17-18,A17-18,A17-18,A17-18,A17-18,A17-18,A17-18,A17-18,A17-18,A17-18,A17-18,A17-18,A17-18,A17-18,A17-18,A17-18,A17-18,A17-18,A17-18,A17-18,A17-18,A17-18,A17-18,A17-18,A17-18,A17-18,A17-18,A17-18,A17-18,A17-18,A17-18,A17-18,A17-18,A17-18,A17-18,A17-18,A17-18,A17-18,A17-18,A17-18,A17-18,A17-18,A17-18,A17-18,A17-18,A17-18,A17-18,A16-18,A16-18,A16-18,A16-18,A16-18,A16-18,A16-18,A16-18,A16-18,A16-18,A16-18,A16-18,A16-18,A16-18,A16-18,A16-18,A16-18,A16-18,A16-18,A16-18,A16-18,A16-18,A16-18,A16-18,A16-18,A16-18,A16-18,A16-18,A16-18,A13-18,A13-18,A13-18,A13-18,A13-18,A13-18,A13-18,A13-18,A13-18,A13-18,A13-18,A13-18,A13-18,A13-18,A13-18,A13-18,A13-18,A13-18,A13-18,A13-18,A13-18,A13-18,A13-18,A13-18,A13-18,A13-18,A13-18,A13-18,A13-18,A13-18,A13-18,A13-18,A13-18,A13-18,A9-18,A9-18,A9-18,A9-18,A9-18,A9-18,A9-18,A9-18,A9-18,A9-18,A,A,A,A,A,A,A,A,A-C,A-C,A-C,A-C,A-L
G0,G0,G0,G0,G0,G0,G0,G0,G0,G0,G0,G0,G0,G0,G0,G0,G0,G0,G0,G0,G0,G0,G0,G0,G0,G0,G0,G0,G0,G0,G0,G0,G0,G0,G0,G0,G0,G0,G0,G0,G0,G0,G0,G0,G0,G0,G0,G0,G0,G0,G0,G0,G0,G0,G0,G0,G0,G0,G0,G0,G0,G0,G0,G0,G0,G0,G0,G0,G0,G0,G0,G0,G0,G0,G0,G0,G0,G0,G0,G0,G0,G0,G0-1,G0-1,G0-1,G0-1,G0-1,G0-1,G0-1,G0-1,G0-1,G0-1,G0-1,G0-1,G0-1,G0-1,G0-1,G0-1,G0-1,G0-1,G0-1,G0-1,G0-1,G0-1,G0-1,G0-1,G0-1,G0-1,G0-1,G0-1,G0-1,G0-1,G0-1,G0-1,G0-1,G0-1,G0-1,G0-1,G0-1,G0-1,G0-1,G0-1,G0-1,G0-1,G0-1,G0-1,G0-1,G0-1,G0-1,G0-1,G0-1,G0-1,G0-1,G0-1,G0-1,G0-1,G0-1,G0-1,G0-1,G0-1,G0-1,G0-3,G0-3,G0-3,G0-3,G0-3,G0-3,G0-3,G0-3,G0-3,G0-3,G0-3,G0-3,G0-3,G0-3,G0-3,G0-3,G0-3,G0-3,G0-3,G0-3,G0-3,G0-3,G0-3,G0-3,G0-3,G0-3,G0-3,G0-3,G0-3,G0-3,G,G,G,G,G,G,G,G,G,G,G,G,G,G,G,G,G,G,G,G,G-H,G-H,G-H,G-H,G-H,G-H,G-L,D-L,A-L
J24,J24,J24,J24,J24,J24,J24,J24,J24,J24-26,J24-26,J24-26,J24-26,J24-26,J24-26,J24-26,J24-26,J24-26,J24-26,J24-26,J24-26,J24-26,J24-26,J24-26,J24-26,J24-26,J24-26,J24-26,J24-26,J24-26,J24-26,J24-26,J24-26,J24-26,J24-26,J24-26,J24-26,J24-26,J24-26,J24-26,J24-26,J24-26,J24-26,J24-26,J24-26,J24-26,J24-26,J24-26,J24-26,J24-26,J24-26,J24-26,J24-26,J24-26,J24-26,J24-26,J24-26,J24-26,J24-26,J23-26,J23-26,J23-26,J23-26,J23-26,J23-26,J23-26,J23-26,J23-26,J23-26,J23-26,J23-26,J23-26,J23-26,J23-26,J23-26,J23-26,J23-26,J23-26,J23-26,J23-26,J23-26,J23-26,J23-26,J23-26,J23-26,J23-26,J23-26,J23-26,J23-26,J23-26,J23-26,J20-26,J20-26,J20-26,J20-26,J20-26,J20-26,J20-26,J20-26,J20-26,J20-26,J20-26,J20-26,J20-26,J20-26,J20-26,J20-26,J20-26,J20-26,J20-26,J20-26,J20-26,J20-26,J20-26,J20-26,J20-26,J20-26,J20-26,J20-26,J20-26,J20-26,J20-26,J20-26,J20-26,J20-26,J20-26,J20-26,J20-26,J20-26,J20-26,J20-26,J20-26,J20-26,J20-26,J20-26,J20-26,J20-26,J20-26,J20-26,J20-26,J20-26,J20-26,J20-26,J20-26,J17-26,J17-26,J17-26,J17-26,J17-26,J17-26,J17-26,J17-26,J17-26,J17-26,J17-26,J17-26,J17-26,J17-26,J17-26,J17-26,J17-26,J17-26,J17-26,J17-26,J17-26,J17-26,J17-26,J17-26,J17-26,J17-26,J17-26,J17-26,J17-26,J17-26,J17-26,J17-26,J11-26,J11-26,J11-26,J11-26,J11-26,J11-26,J11-26,J11-26,J11-26,J,J,J,J,J,J,J,J,J,J-L,J-L,I-L,G-L,D-L,A-L
L13,L13,L13,L13,L13,L13,L13,L13,L13,L13,L13,L13,L13,L13,L13,L13,L13,L13,L13,L13,L13,L13,L13,L13,L13,L13,L13,L13,L13,L13,L13,L13,L13,L13,L13,L13,L13,L13,L13,L13,L13,L13,L13,L13,L13,L13,L13-14,L13-14,L13-14,L13-14,L13-14,L13-14,L13-14,L13-14,L13-14,L13-14,L13-14,L13-14,L13-14,L13-14,L13-14,L13-14,L13-14,L13-14,L13-14,L13-14,L13-14,L13-14,L13-14,L13-14,L13-14,L13-14,L13-14,L13-14,L13-14,L13-14,L13-14,L13-14,L13-14,L13-14,L13-14,L13-14,L13-14,L13-14,L13-14,L13-14,L13-14,L13-14,L13-14,L13-14,L13-14,L13-14,L13-14,L13-14,L13-14,L13-14,L13-14,L13-14,L13-14,L13-14,L13-14,L13-14,L13-14,L13-14,L13-14,L13-14,L13-14,L13-14,L13-14,L13-14,L13-14,L13-14,L13-14,L13-17,L13-17,L13-17,L13-17,L13-17,L13-17,L13-17,L13-17,L13-17,L13-17,L13-17,L13-17,L13-17,L13-17,L13-17,L13-17,L13-17,L13-17,L13-17,L13-17,L13-17,L13-17,L13-17,L13-17,L13-17,L13-17,L13-17,L13-17,L13-17,L13-17,L13-17,L13-17,L13-17,L13-17,L13-17,L13-17,L13-17,L13-17,L13-17,L13-17,L13-17,L13-17,L13-17,L13-17,L13-17,L13-17,L13-17,L13-17,L13-17,L13-17,L13-17,L13-17,L13-17,L13-17,L13-17,L13-17,L13-17,L13-17,L13-17,L13-17,L13-17,L13-19,L13-19,L13-19,L13-19,L13-19,L13-19,L13-19,L13-19,L13-19,L13-19,L,L,L,L,L,L,L,L,K-L,K-L,J-L,J-L,I-L,G-L,D-L,A-L
F4,F4-5,F4-5,F4-5,F4-5,F4-5,F4-5,F4-5,F4-5,F4-5,F4-5,F4-5,F4-5,F4-5,F4-5,F4-5,F4-5,F4-5,F4-5,F4-5,F4-5,F4-5,F4-5,F4-5,F4-5,F4-5,F4-5,F4-5,F4-5,F4-5,F4-5,F4-5,F4-5,F4-5,F4-5,F4-5,F4-5,F4-5,F4-5,F4-5,F4-5,F4-5,F4-5,F4-5,F4-5,F4-5,F4-5,F4-5,F4-5,F4-5,F4-5,F4-5,F4-5,F4-5,F4-5,F4-5,F4-5,F4-7,F4-7,F4-7,F4-7,F4-7,F4-7,F4-7,F4-7,F4-7,F4-7,F4-7,F4-7,F4-7,F4-7,F4-7,F4-7,F4-7,F4-7,F4-7,F4-7,F4-7,F4-7,F4-7,F4-7,F4-7,F4-7,F4-7,F4-7,F4-7,F4-7,F4-7,F4-7,F4-7,F3-7,F3-7,F3-7,F3-7,F3-7,F3-7,F3-7,F3-7,F3-7,F3-7,F3-7,F3-7,F3-7,F3-7,F3-7,F3-7,F3-7,F3-7,F3-7,F3-7,F3-7,F3-7,F3-7,F3-7,F3-7,F3-7,F3-7,F3-7,F3-7,F3-7,F3-7,F3-7,F3-7,F3-7,F3-7,F3-7,F3-7,F3-7,F3-7,F3-7,F3-7,F3-7,F3-7,F3-7,F3-7,F3-7,F3-7,F3-7,F3-7,F3-7,F3-7,F3-7,F3-7,F3-7,F3-7,F3-7,F3-7,F3-7,F3-7,F3-7,F3-7,F3-7,F3-7,F3-7,F3-7,F3-7,F3-7,F3-7,F3-7,F3-7,F3-7,F3-7,F3-7,F3-7,F3-7,F3-7,F3-7,F3-7,F3-11,F3-11,F3-11,F3-11,F3-11,F3-11,F3-11,F3-11,F3-11,F3-11,F3-11,F3-11,F,F,F,F,F,F,F,F,F,E-F,E-F,E-F,E-F,D-F,D-F,D-F,D-F,D-F,D-L,A-L
G4,G4,G4,G4,G4,G4,G4,G4,G4,G4,G4,G4,G4,G4,G4,G4,G4,G4,G4,G4,G4,G4,G4,G4,G4,G4,G4,G4,G4,G4,G4,G4,G4,G4,G4,G4,G4,G4,G4,G4,G4,G4,G4,G4,G4,G4,G4,G4,G4,G4,G4,G4,G4,G4,G4,G4,G4,G4,G4,G4,G4,G4,G4,G4,G4,G4,G4,G4,G4,G4,G4,G4,G4,G4,G4,G4,G4,G4,G4,G4,G4,G4,G4,G4,G4,G4,G4,G4,G4,G4,G4,G4,G4,G4,G4,G4,G4,G4,G4,G4,G4,G4,G4,G4,G4,G4,G4,G4,G4,G4,G4,G4,G4,G4,G4,G4,G4,G4,G4-7,G4-7,G4-7,G4-7,G4-7,G4-7,G4-7,G4-7,G4-7,G4-7,G4-7,G4-7,G4-7,G4-7,G4-7,G4-7,G4-7,G4-7,G4-7,G4-7,G4-7,G4-7,G4-7,G4-7,G4-7,G4-7,G4-7,G4-7,G4-7,G4-7,G4-7,G4-7,G4-7,G4-7,G4-7,G4-9,G4-9,G4-9,G4-9,G4-9,G4-9,G4-9,G4-9,G4-9,G4-9,G4-9,G4-9,G4-9,G4-9,G4-9,G4-9,G4-9,G4-9,G,G,G,G,G,G,G,G,G,G,G,G,G,G,G,G,G,G,G,G,G-H,G-H,G-H,G-H,G-H,G-H,G-L,D-L,A-L
J3,J3,J3,J3,J3,J3,J3,J3,J3,J3,J3,J3,J3,J3-4,J3-4,J3-4,J3-4,J3-4,J3-4,J3-4,J3-4,J1-4,J1-4,J1-4,J1-4,J1-4,J1-4,J1-4,J1-4,J1-4,J1-4,J1-4,J1-4,J1-4,J1-4,J1-4,J1-4,J1-4,J1-4,J1-4,J1-4,J1-4,J1-4,J1-4,J1-4,J1-4,J1-4,J1-4,J1-4,J1-4,J1-4,J1-4,J1-4,J1-4,J1-4,J1-4,J1-4,J1-4,J1-4,J1-4,J1-4,J1-4,J1-4,J1-4,J1-4,J1-4,J1-4,J1-4,J1-4,J1-4,J1-4,J1-4,J1-4,J1-4,J1-4,J1-4,J1-4,J1-4,J1-4,J1-4,J1-4,J1-4,J1-4,J1-4,J1-4,J1-4,J1-4,J1-4,J1-4,J1-4,J1-4,J1-4,J1-4,J1-4,J1-4,J1-4,J1-4,J1-4,J1-4,J1-4,J1-4,J1-4,J1-4,J1-4,J1-4,J1-4,J1-4,J1-4,J1-4,J1-4,J1-4,J1-4,J1-4,J1-4,J1-4,J1-4,J1-4,J1-4,J1-4,J1-4,J1-4,J1-4,J1-4,J1-4,J1-4,J1-4,J1-4,J1-4,J1-4,J1-10,J1-10,J1-10,J1-10,J1-10,J1-10,J1-10,J1-10,J1-10,J1-10,J1-10,J1-10,J1-10,J1-10,J1-10,J1-10,J1-10,J1-10,J1-10,J1-10,J1-10,J1-10,J1-10,J1-10,J1-10,J1-10,J1-10,J0-10,J0-10,J0-10,J0-10,J0-10,J0-10,J0-10,J0-10,J0-10,J0-10,J0-10,J0-10,J0-10,J0-10,J0-10,J0-10,J0-10,J0-10,J0-10,J0-10,J0-10,J0-10,J0-10,J0-10,J0-10,J0-10,J0-10,J0-10,J0-10,J,J,J,J,J,J,J,J,J,J-L,J-L,I-L,G-L,D-L,A-L
B21,B21,B21,B21,B21,B21,B21,B21,B21,B21,B21,B21,B21,B21,B21,B21,B21,B21,B21,B21,B21,B21,B21,B21,B21,B21,B21,B21,B21,B21,B21,B21,B21,B21,B21,B21,B21,B21,B21,B21,B21,B21,B21,B21,B21,B21,B21,B21,B21,B21,B21,B21,B21,B21,B21,B21,B21,B21,B21,B21,B21,B21,B21,B21,B21,B21,B21,B21,B21,B21,B21,B21,B21,B21,B21,B21,B21,B21,B21,B21,B21,B21,B21,B21,B21,B21,B21,B21,B21,B21,B21,B21,B21,B21,B21,B21,B21,B21,B21,B21,B21,B21,B21,B21,B21,B21,B21,B21,B21,B21,B21,B21,B21,B21,B21,B21,B21,B21,B21,B21,B21,B21,B21,B21,B21-22,B21-22,B21-22,B21-22,B21-22,B21-22,B21-22,B21-22,B21-22,B21-22,B21-22,B21-22,B21-22,B21-22,B21-22,B21-22,B21-22,B21-22,B21-22,B21-22,B21-22,B21-22,B21-22,B21-22,B21-22,B21-22,B21-22,B21-22,B21-22,B21-22,B21-22,B21-22,B21-22,B21-22,B21-22,B21-22,B21-22,B21-22,B21-22,B21-22,B21-22,B21-22,B21-22,B21-30,B21-30,B21-30,B21-30,B21-30,B21-30,B21-30,B21-30,B21-30,B21-30,B21-30,B21-30,B21-30,B21-30,B15-30,B15-30,B15-30,B15-30,B15-30,B,B,B,B,B-C,B-C,B-C,B-C,B-C,A-C,A-C,A-C,A-C,A-L
I10,I10,I10,I10,I10,I10,I10,I10,I10,I10,I10,I10,I10,I10,I10,I10,I10,I10,I10,I10,I10,I10,I10,I10,I10,I10,I10,I10,I10,I10,I10,I10,I10,I10,I10,I10,I10,I10,I10,I10,I10,I10,I10,I10,I10,I10,I10,I10,I10,I10,I10,I10,I10,I10,I10,I10,I10,I10,I10,I10,I10,I10,I10,I10,I10,I10,I10,I10,I10,I10,I10,I10,I10,I10,I10,I10,I10,I10,I10,I10,I10,I10,I10,I10,I10,I10,I10,I10,I10,I10,I10,I10,I10,I10,I10,I10,I10,I10,I10,I10,I10,I10,I10,I10,I10,I10,I10,I10,I10,I10,I10,I10,I10,I10,I10,I10,I10,I10,I10,I10,I10,I10,I10,I10,I10,I10,I10,I10,I10,I10,I10,I10,I10,I10,I10,I10,I10,I10,I10,I10,I10,I10,I10,I10,I10,I10,I10,I10,I10,I10,I10,I10,I10,I10,I10,I10,I10,I10,I10,I10-13,I10-13,I10-13,I10-13,I10-13,I10-13,I10-13,I10-13,I10-13,I10-13,I10-13,I6-13,I6-13,I6-13,I6-13,I6-13,I6-13,I6-13,I6-13,I6-13,I6-13,I6-13,I6-13,I,I,I,I,I,I,I,I,I,I,I,I,I,I,I-L,G-L,D-L,A-L
C8,C8,C8,C8,C8,C8,C8,C8,C8,C8,C8,C8,C8,C8,C8,C8,C8,C8,C8,C8,C8,C8,C8,C8,C8,C8,C8,C8,C8,C8,C8,C8,C8,C8,C8,C8,C8,C8,C8,C8,C8,C8,C8,C8,C8,C8,C8,C8,C8,C8,C8,C8,C8,C8,C8,C8,C8,C8,C8,C8,C8,C8,C8,C8,C8,C8,C8,C8,C8,C8,C8,C8,C8,C8-9,C8-9,C8-9,C8-9,C8-9,C8-9,C8-9,C8-9,C8-9,C8-9,C8-9,C8-9,C8-9,C8-9,C8-9,C8-9,C8-9,C8-9,C8-9,C8-9,C8-9,C8-9,C8-9,C8-9,C8-9,C8-9,C8-9,C8-9,C8-9,C8-9,C8-9,C8-9,C8-9,C8-9,C8-9,C8-9,C8-9,C8-9,C8-9,C8-9,C8-9,C8-9,C7-9,C7-9,C7-9,C7-9,C7-9,C7-9,C7-9,C7-9,C7-9,C7-9,C7-9,C7-9,C7-9,C7-9,C7-9,C7-9,C7-9,C7-9,C7-9,C7-9,C7-9,C7-9,C7-9,C7-9,C7-9,C7-9,C7-9,C7-9,C7-9,C7-9,C7-9,C7-9,C7-9,C7-9,C7-9,C7-9,C7-9,C7-9,C7-9,C7-9,C7-9,C7-9,C7-12,C7-12,C7-12,C7-12,C7-12,C7-12,C7-12,C5-12,C5-12,C5-12,C5-12,C5-12,C5-12,C5-12,C5-12,C5-12,C5-12,C5-12,C5-12,C5-12,C5-12,C5-12,C5-12,C5-12,C5-12,C5-12,C5-12,C5-12,C5-12,C5-12,C5-12,C,C,B-C,B-C,B-C,B-C,B-C,A-C,A-C,A-C,A-C,A-L
J15,J15,J15,J15,J15,J15,J15,J15,J15,J15,J15,J15,J15,J15,J15,J15,J15,J15,J15,J15,J15,J15,J15,J15,J15,J15,J15,J15,J15,J15,J15,J15,J15,J15,J15,J15,J15,J15,J15,J15,J15,J15,J15,J15,J15,J15,J15,J15,J15,J15,J15,J15,J15,J15,J15,J15,J15,J15,J15,J15,J15,J15,J15,J15,J15,J15-16,J15-16,J15-16,J15-16,J15-16,J15-16,J15-16,J15-16,J15-16,J15-16,J15-16,J15-16,J15-16,J15-16,J15-16,J15-16,J15-16,J15-16,J15-16,J15-16,J15-16,J15-16,J15-16,J15-16,J15-16,J15-16,J15-16,J15-16,J15-16,J15-16,J15-16,J15-16,J15-16,J15-16,J15-16,J15-16,J15-16,J15-16,J15-16,J15-16,J15-16,J15-16,J15-16,J15-16,J13-16,J13-16,J13-16,J13-16,J13-16,J13-16,J13-16,J13-16,J13-16,J13-16,J13-16,J13-16,J13-16,J13-16,J13-16,J13-16,J13-16,J13-16,J13-16,J13-16,J13-16,J13-16,J13-16,J13-16,J13-16,J13-16,J13-16,J13-16,J13-16,J11-16,J11-16,J11-16,J11-16,J11-16,J11-16,J11-16,J11-16,J11-16,J11-16,J11-16,J11-16,J11-16,J11-16,J11-16,J11-16,J11-16,J11-16,J11-16,J11-16,J11-16,J11-16,J11-16,J11-16,J11-16,J11-16,J11-16,J11-16,J11-16,J11-16,J11-16,J11-16,J11-16,J11-16,J11-16,J11-16,J11-16,J11-16,J11-26,J11-26,J11-26,J11-26,J11-26,J11-26,J11-26,J11-26,J11-26,J,J,J,J,J,J,J,J,J,J-L,J-L,I-L,G-L,D-L,A-L
I12,I12,I12,I12,I12,I12,I12,I12,I12,I12,I12,I12,I12,I12,I12,I12,I12,I12,I12,I12,I12,I12,I12,I12,I12,I12,I12,I12,I12,I12,I12,I12,I12,I12,I12,I12,I12,I12,I12,I12,I12,I12,I12,I12,I12,I12,I12,I12,I12,I12,I12,I12,I12,I12,I12,I12,I12,I12,I12,I12,I12,I12,I12,I12,I12,I12,I12,I12,I12,I12,I12,I12,I12,I12,I12,I12,I12,I12,I12,I12,I12,I12,I12,I12,I12,I12,I12,I12,I12,I12,I12,I12,I12,I12,I12,I12,I12,I12,I12,I12,I12,I12-13,I12-13,I12-13,I12-13,I12-13,I12-13,I12-13,I12-13,I12-13,I12-13,I12-13,I12-13,I12-13,I12-13,I12-13,I12-13,I12-13,I12-13,I12-13,I12-13,I12-13,I12-13,I12-13,I12-13,I12-13,I12-13,I12-13,I12-13,I12-13,I12-13,I12-13,I12-13,I12-13,I12-13,I12-13,I12-13,I12-13,I12-13,I11-13,I11-13,I11-13,I11-13,I11-13,I11-13,I11-13,I11-13,I11-13,I11-13,I11-13,I11-13,I11-13,I11-13,I11-13,I11-13,I11-13,I11-13,I11-13,I11-13,I10-13,I10-13,I10-13,I10-13,I10-13,I10-13,I10-13,I10-13,I10-13,I10-13,I10-13,I6-13,I6-13,I6-13,I6-13,I6-13,I6-13,I6-13,I6-13,I6-13,I6-13,I6-13,I6-13,I,I,I,I,I,I,I,I,I,I,I,I,I,I,I-L,G-L,D-L,A-L
D0,D0,D0,D0,D0,D0,D0,D0,D0,D0,D0,D0,D0,D0,D0,D0,D0,D0,D0,D0,D0,D0,D0,D0,D0,D0,D0,D0,D0,D0,D0,D0,D0,D0,D0,D0,D0,D0,D0,D0,D0,D0,D0,D0,D0,D0,D0,D0,D0,D0,D0,D0,D0,D0,D0,D0,D0,D0,D0,D0,D0,D0,D0,D0,D0,D0,D0,D0,D0,D0,D0,D0,D0,D0,D0,D0,D0,D0,D0,D0,D0,D0,D0,D0,D0,D0,D0,D0,D0,D0,D0,D0,D0,D0,D0,D0,D0,D0,D0,D0,D0,D0,D0,D0,D0,D0,D0,D0,D0,D0,D0,D0,D0,D0,D0,D0,D0,D0,D0,D0,D0,D0,D0,D0-1,D0-1,D0-1,D0-1,D0-1,D0-1,D0-1,D0-1,D0-1,D0-1,D0-1,D0-1,D0-1,D0-1,D0-1,D0-1,D0-1,D0-1,D0-1,D0-1,D0-1,D0-1,D0-1,D0-1,D0-1,D0-1,D0-1,D0-1,D0-1,D0-1,D0-1,D0-1,D0-1,D0-1,D0-1,D0-1,D0-1,D0-1,D0-1,D0-7,D0-7,D0-7,D0-7,D0-7,D0-7,D0-7,D0-7,D0-7,D0-7,D0-7,D0-7,D0-7,D0-7,D0-7,D0-7,D0-7,D0-7,D0-7,D0-7,D0-7,D,D,D,D,D,D,D,D,D,D,D-F,D-F,D-F,D-F,D-F,D-L,A-L
B5,B5,B5,B5,B5,B5,B5,B5,B5,B5,B5,B5,B5,B5,B5,B5,B5,B5,B5,B5,B5,B5,B5,B5,B5,B5,B5,B5,B5,B5,B5,B5,B5,B5,B5,B5,B5,B5,B5,B5,B5,B5,B5,B5,B5,B5,B5,B5,B5,B5,B5,B5,B5,B5,B5,B5,B5,B5,B5,B5,B5,B5,B5,B5,B5,B5,B5,B5,B5,B5,B5,B5,B5,B5,B5,B5,B5,B5,B5,B5,B5,B5,B5,B5,B5,B5,B5,B5,B5,B5,B5,B5,B5,B5,B5,B5,B5,B5,B5,B5,B5,B5,B5,B5,B5,B5-8,B5-8,B5-8,B5-8,B5-8,B5-8,B5-8,B5-8,B5-8,B5-8,B5-8,B5-8,B5-8,B5-8,B5-8,B5-8,B5-8,B5-8,B5-8,B5-8,B5-8,B5-8,B5-8,B5-8,B5-8,B5-8,B5-8,B5-8,B5-8,B5-8,B5-8,B5-8,B5-8,B5-8,B5-8,B5-8,B5-8,B5-8,B5-8,B5-8,B5-8,B5-14,B5-14,B5-14,B5-14,B5-14,B5-14,B5-14,B5-14,B5-14,B5-14,B5-14,B5-14,B5-14,B5-14,B5-14,B5-14,B5-14,B5-14,B5-14,B5-14,B5-14,B5-14,B5-14,B0-14,B0-14,B0-14,B0-14,B0-14,B0-14,B0-14,B0-14,B0-14,B0-14,B0-14,B0-14,B0-14,B0-14,B0-14,B0-14,B0-14,B,B,B,B,B-C,B-C,B-C,B-C,B-C,A-C,A-C,A-C,A-C,A-L
J13,J13,J13,J13,J13,J13,J13,J13,J13,J13,J13,J13,J13,J13,J13,J13,J13,J13,J13,J13,J13,J13,J13,J13,J13,J13,J13,J13,J13,J13,J13,J13,J13,J13,J13,J13,J13,J13,J13,J13,J13,J13,J13,J13,J13,J13,J13,J13,J13,J13,J13-14,J13-14,J13-14,J13-14,J13-14,J13-14,J13-14,J13-14,J13-14,J13-14,J13-14,J13-14,J13-14,J13-14,J13-14,J13-14,J13-14,J13-14,J13-14,J13-14,J13-14,J13-14,J13-14,J13-14,J13-14,J13-14,J13-14,J13-14,J13-14,J13-14,J13-14,J13-14,J13-14,J13-14,J13-14,J13-14,J13-14,J13-14,J13-14,J13-14,J13-14,J13-14,J13-14,J13-14,J13-14,J13-14,J13-14,J13-14,J13-14,J13-14,J13-14,J13-14,J13-14,J13-14,J13-14,J13-14,J13-14,J13-14,J13-14,J13-16,J13-16,J13-16,J13-16,J13-16,J13-16,J13-16,J13-16,J13-16,J13-16,J13-16,J13-16,J13-16,J13-16,J13-16,J13-16,J13-16,J13-16,J13-16,J13-16,J13-16,J13-16,J13-16,J13-16,J13-16,J13-16,J13-16,J13-16,J13-16,J11-16,J11-16,J11-16,J11-16,J11-16,J11-16,J11-16,J11-16,J11-16,J11-16,J11-16,J11-16,J11-16,J11-16,J11-16,J11-16,J11-16,J11-16,J11-16,J11-16,J11-16,J11-16,J11-16,J11-16,J11-16,J11-16,J11-16,J11-16,J11-16,J11-16,J11-16,J11-16,J11-16,J11-16,J11-16,J11-16,J11-16,J11-16,J11-26,J11-26,J11-26,J11-26,J11-26,J11-26,J11-26,J11-26,J11-26,J,J,J,J,J,J,J,J,J,J-L,J-L,I-L,G-L,D-L,A-L
J21,J21,J21,J21,J21,J21,J21,J21,J21,J21,J21,J21,J21,J21,J21,J21,J21,J21,J21,J21-22,J21-22,J21-22,J21-22,J21-22,J21-22,J21-22,J21-22,J21-22,J21-22,J21-22,J21-22,J21-22,J21-22,J21-22,J21-22,J21-22,J21-22,J21-22,J20-22,J20-22,J20-22,J20-22,J20-22,J20-22,J20-22,J20-22,J20-22,J20-22,J20-22,J20-22,J20-22,J20-22,J20-22,J20-22,J20-22,J20-22,J20-22,J20-22,J20-22,J20-22,J20-22,J20-22,J20-22,J20-22,J20-22,J20-22,J20-22,J20-22,J20-22,J20-22,J20-22,J20-22,J20-22,J20-22,J20-22,J20-22,J20-22,J20-22,J20-22,J20-22,J20-22,J20-22,J20-22,J20-22,J20-22,J20-22,J20-22,J20-22,J20-22,J20-22,J20-22,J20-26,J20-26,J20-26,J20-26,J20-26,J20-26,J20-26,J20-26,J20-26,J20-26,J20-26,J20-26,J20-26,J20-26,J20-26,J20-26,J20-26,J20-26,J20-26,J20-26,J20-26,J20-26,J20-26,J20-26,J20-26,J20-26,J20-26,J20-26,J20-26,J20-26,J20-26,J20-26,J20-26,J20-26,J20-26,J20-26,J20-26,J20-26,J20-26,J20-26,J20-26,J20-26,J20-26,J20-26,J20-26,J20-26,J20-26,J20-26,J20-26,J20-26,J20-26,J20-26,J20-26,J17-26,J17-26,J17-26,J17-26,J17-26,J17-26,J17-26,J17-26,J17-26,J17-26,J17-26,J17-26,J17-26,J17-26,J17-26,J17-26,J17-26,J17-26,J17-26,J17-26,J17-26,J17-26,J17-26,J17-26,J17-26,J17-26,J17-26,J17-26,J17-26,J17-26,J17-26,J17-26,J11-26,J11-26,J11-26,J11-26,J11-26,J11-26,J11-26,J11-26,J11-26,J,J,J,J,J,J,J,J,J,J-L,J-L,I-L,G-L,D-L,A-L
J9,J9,J9,J9,J9,J9,J9,J9,J9-10,J9-10,J9-10,J9-10,J9-10,J9-10,J9-10,J9-10,J9-10,J9-10,J9-10,J9-10,J9-10,J9-10,J9-10,J9-10,J9-10,J9-10,J9-10,J9-10,J9-10,J9-10,J9-10,J9-10,J9-10,J9-10,J9-10,J9-10,J9-10,J9-10,J9-10,J9-10,J9-10,J9-10,J9-10,J9-10,J9-10,J9-10,J9-10,J9-10,J9-10,J9-10,J9-10,J9-10,J9-10,J9-10,J9-10,J9-10,J9-10,J9-10,J9-10,J9-10,J9-10,J9-10,J9-10,J9-10,J9-10,J9-10,J9-10,J9-10,J9-10,J9-10,J9-10,J9-10,J9-10,J9-10,J7-10,J7-10,J7-10,J7-10,J7-10,J7-10,J7-10,J7-10,J7-10,J7-10,J7-10,J7-10,J7-10,J7-10,J7-10,J7-10,J7-10,J7-10,J7-10,J7-10,J7-10,J7-10,J7-10,J7-10,J7-10,J7-10,J7-10,J7-10,J7-10,J5-10,J5-10,J5-10,J5-10,J5-10,J5-10,J5-10,J5-10,J5-10,J5-10,J5-10,J5-10,J5-10,J5-10,J5-10,J5-10,J5-10,J5-10,J5-10,J5-10,J5-10,J5-10,J5-10,J5-10,J5-10,J5-10,J1-10,J1-10,J1-10,J1-10,J1-10,J1-10,J1-10,J1-10,J1-10,J1-10,J1-10,J1-10,J1-10,J1-10,J1-10,J1-10,J1-10,J1-10,J1-10,J1-10,J1-10,J1-10,J1-10,J1-10,J1-10,J1-10,J1-10,J0-10,J0-10,J0-10,J0-10,J0-10,J0-10,J0-10,J0-10,J0-10,J0-10,J0-10,J0-10,J0-10,J0-10,J0-10,J0-10,J0-10,J0-10,J0-10,J0-10,J0-10,J0-10,J0-10,J0-10,J0-10,J0-10,J0-10,J0-10,J0-10,J,J,J,J,J,J,J,J,J,J-L,J-L,I-L,G-L,D-L,A-L
B19,B19,B19,B19,B19,B19,B19,B19,B19,B19,B19,B19,B19,B19,B19,B19,B19,B19,B19,B19,B19,B19,B19,B19,B19,B19,B19,B19,B19,B19,B19,B19,B19,B19,B19,B19,B19,B19,B19,B19,B19,B19,B19,B19,B19,B19,B19,B19,B19,B19,B19,B19,B19,B19,B19,B19,B19,B19,B19,B19,B19,B19,B19,B19,B19,B19,B19,B19,B19,B19,B19,B19,B19,B19,B19,B19,B19,B19,B19,B19,B19,B19,B19,B19,B19,B19,B19,B19,B19,B19,B19,B19,B19,B19,B19-20,B19-20,B19-20,B19-20,B19-20,B19-20,B19-20,B19-20,B19-20,B19-20,B19-20,B19-20,B19-20,B19-20,B19-20,B19-20,B19-20,B19-20,B19-20,B19-20,B19-20,B19-20,B18-20,B18-20,B18-20,B18-20,B18-20,B18-20,B18-20,B18-20,B18-20,B18-20,B18-20,B18-20,B18-20,B18-20,B18-20,B18-20,B18-20,B18-20,B18-20,B18-20,B18-20,B18-20,B18-20,B18-20,B18-20,B18-20,B18-20,B18-20,B18-20,B15-20,B15-20,B15-20,B15-20,B15-20,B15-20,B15-20,B15-20,B15-20,B15-20,B15-20,B15-20,B15-20,B15-20,B15-20,B15-20,B15-20,B15-20,B15-20,B15-20,B15-20,B15-20,B15-20,B15-20,B15-20,B15-20,B15-20,B15-20,B15-20,B15-20,B15-20,B15-20,B15-20,B15-20,B15-20,B15-20,B15-30,B15-30,B15-30,B15-30,B15-30,B,B,B,B,B-C,B-C,B-C,B-C,B-C,A-C,A-C,A-C,A-C,A-L
A13,A13,A13,A13,A13,A13,A13,A13,A13,A13,A13,A13,A13,A13,A13,A13,A13,A13,A13,A13,A13,A13,A13,A13,A13,A13,A13,A13,A13,A13,A13,A13,A13,A13,A13,A13,A13,A13,A13,A13,A13,A13,A13,A13,A13,A13,A13,A13,A13,A13,A13,A13,A13,A13,A13,A13,A13,A13,A13,A13,A13,A13,A13,A13,A13,A13,A13,A13,A13,A13,A13,A13,A13,A13,A13,A13,A13,A13,A13,A13,A13,A13,A13,A13,A13,A13,A13,A13,A13,A13,A13,A13,A13,A13,A13,A13,A13,A13,A13,A13,A13-15,A13-15,A13-15,A13-15,A13-15,A13-15,A13-15,A13-15,A13-15,A13-15,A13-15,A13-15,A13-15,A13-15,A13-15,A13-15,A13-15,A13-15,A13-15,A13-15,A13-15,A13-15,A13-15,A13-15,A13-15,A13-15,A13-15,A13-15,A13-15,A13-15,A13-15,A13-15,A13-15,A13-15,A13-15,A13-15,A13-15,A13-15,A13-15,A13-15,A13-15,A13-15,A13-15,A13-18,A13-18,A13-18,A13-18,A13-18,A13-18,A13-18,A13-18,A13-18,A13-18,A13-18,A13-18,A13-18,A13-18,A13-18,A13-18,A13-18,A13-18,A13-18,A13-18,A13-18,A13-18,A13-18,A13-18,A13-18,A13-18,A13-18,A13-18,A13-18,A13-18,A13-18,A13-18,A13-18,A13-18,A9-18,A9-18,A9-18,A9-18,A9-18,A9-18,A9-18,A9-18,A9-18,A9-18,A,A,A,A,A,A,A,A,A-C,A-C,A-C,A-C,A-L
I4,I4,I4,I4,I4,I4,I4,I4,I4,I4,I4,I4,I4,I4,I4,I4,I4,I4,I4,I4,I4,I4,I4,I4,I4,I4,I4,I4,I4,I4,I4,I4,I4,I4,I4,I4,I4,I4,I4,I4,I4,I4,I4,I4,I4,I4,I4,I4,I4,I4,I4,I4,I4,I4,I4,I4,I4,I4,I4,I4,I4,I4,I4,I4,I4,I4,I4,I4,I4,I4-5,I4-5,I4-5,I4-5,I4-5,I4-5,I4-5,I4-5,I4-5,I4-5,I4-5,I4-5,I4-5,I4-5,I4-5,I4-5,I4-5,I4-5,I4-5,I3-5,I3-5,I3-5,I3-5,I3-5,I3-5,I3-5,I3-5,I3-5,I3-5,I3-5,I3-5,I3-5,I3-5,I3-5,I3-5,I3-5,I3-5,I3-5,I3-5,I3-5,I3-5,I3-5,I3-5,I3-5,I3-5,I3-5,I3-5,I3-5,I3-5,I3-5,I3-5,I3-5,I3-5,I3-5,I3-5,I3-5,I3-5,I3-5,I3-5,I3-5,I3-5,I3-5,I3-5,I3-5,I3-5,I3-5,I3-5,I3-5,I3-5,I3-5,I3-5,I3-5,I3-5,I3-5,I3-5,I3-5,I3-5,I3-5,I3-5,I3-5,I3-5,I3-5,I3-5,I3-5,I3-5,I3-5,I3-5,I3-5,I3-5,I3-5,I3-5,I3-5,I0-5,I0-5,I0-5,I0-5,I0-5,I0-5,I0-5,I0-5,I0-5,I0-5,I0-5,I0-5,I0-5,I0-5,I0-5,I0-5,I0-5,I0-5,I0-5,I0-5,I0-5,I,I,I,I,I,I,I,I,I,I,I,I,I,I,I-L,G-L,D-L,A-L
B1,B1,B1,B1,B1,B1,B1,B1,B1,B1,B1,B1,B1,B1,B1,B1,B1,B1,B1,B1,B1,B1,B1,B1,B1,B1,B1,B1,B1,B1,B1,B1,B1,B1,B1,B1,B1,B1,B1,B1,B1-2,B1-2,B1-2,B1-2,B1-2,B1-2,B1-2,B1-2,B1-2,B1-2,B1-2,B1-2,B1-2,B1-2,B1-2,B1-2,B1-2,B1-2,B1-2,B1-2,B1-2,B1-2,B1-2,B1-2,B1-2,B1-2,B1-2,B1-2,B1-2,B1-2,B1-2,B1-2,B1-2,B1-2,B1-2,B1-2,B1-2,B1-2,B1-2,B1-2,B1-2,B1-2,B1-2,B1-2,B1-2,B1-2,B1-2,B1-2,B1-2,B1-2,B1-2,B1-2,B1-2,B1-2,B1-2,B1-2,B1-2,B1-2,B1-2,B1-2,B1-2,B1-2,B1-2,B1-2,B1-2,B1-2,B1-2,B1-2,B1-2,B1-2,B1-2,B1-4,B1-4,B1-4,B1-4,B1-4,B1-4,B1-4,B1-4,B1-4,B1-4,B1-4,B1-4,B1-4,B1-4,B1-4,B1-4,B1-4,B1-4,B1-4,B1-4,B0-4,B0-4,B0-4,B0-4,B0-4,B0-4,B0-4,B0-4,B0-4,B0-4,B0-4,B0-4,B0-4,B0-4,B0-4,B0-4,B0-4,B0-4,B0-4,B0-4,B0-4,B0-4,B0-4,B0-4,B0-4,B0-4,B0-4,B0-4,B0-4,B0-4,B0-4,B0-4,B0-4,B0-4,B0-4,B0-4,B0-4,B0-4,B0-14,B0-14,B0-14,B0-14,B0-14,B0-14,B0-14,B0-14,B0-14,B0-14,B0-14,B0-14,B0-14,B0-14,B0-14,B0-14,B0-14,B,B,B,B,B-C,B-C,B-C,B-C,B-C,A-C,A-C,A-C,A-C,A-L
H2,H2,H2,H2,H2,H2,H2,H2,H2,H2,H2,H2,H2,H2,H2,H2,H2,H2,H2,H2,H2,H2,H2,H2,H2,H2,H2,H2,H2,H2,H2,H2,H2,H2,H2,H2-3,H2-3,H2-3,H2-3,H2-3,H2-3,H2-3,H1-3,H1-3,H1-3,H1-3,H1-3,H1-3,H1-3,H1-3,H1-3,H1-3,H1-3,H1-3,H1-3,H1-3,H1-3,H1-3,H1-3,H1-3,H1-3,H1-3,H1-3,H1-3,H1-3,H1-3,H1-3,H1-3,H1-3,H1-3,H1-3,H1-3,H1-3,H1-3,H1-3,H1-3,H1-3,H1-3,H1-3,H1-3,H1-3,H1-3,H1-3,H1-3,H1-3,H1-3,H1-3,H0-3,H0-3,H0-3,H0-3,H0-3,H0-3,H0-3,H0-3,H0-3,H0-3,H0-3,H0-3,H0-3,H0-3,H0-3,H0-3,H0-3,H0-3,H0-3,H0-3,H0-3,H0-3,H0-3,H0-3,H0-3,H0-3,H0-3,H0-3,H0-3,H0-3,H0-3,H0-3,H0-3,H0-3,H0-3,H0-3,H0-3,H0-3,H0-3,H0-3,H0-3,H0-3,H0-3,H0-3,H0-3,H0-3,H0-3,H0-3,H0-3,H0-3,H0-3,H0-3,H0-3,H0-3,H0-3,H0-3,H0-3,H0-3,H0-3,H0-3,H0-3,H0-10,H0-10,H0-10,H0-10,H0-10,H0-10,H0-10,H0-10,H0-10,H0-10,H0-10,H0-10,H0-10,H0-10,H0-10,H0-10,H0-10,H0-10,H0-10,H0-10,H0-10,H0-10,H0-10,H0-10,H0-10,H0-10,H0-10,H0-10,H0-10,H0-10,H,H,H,H,H,H,H,H,H,H,H,H,H,G-H,G-H,G-H,G-H,G-H,G-H,G-L,D-L,A-L
B12,B12,B12,B12,B12,B12,B12,B12,B12,B12,B12,B12,B12,B12,B12,B12,B12,B12,B12,B12,B12,B12,B12,B12,B12,B12,B12,B12,B12,B12,B12,B12,B12,B12,B12,B12,B12,B12,B12,B12,B12,B12,B12,B12,B12,B12,B12,B12,B12,B12,B12,B12,B12,B12,B12,B12,B12,B12,B12,B12,B12,B12,B12,B12,B12,B12,B12,B12,B12,B12,B12,B12,B12-14,B12-14,B12-14,B12-14,B12-14,B12-14,B12-14,B12-14,B12-14,B12-14,B12-14,B12-14,B12-14,B12-14,B12-14,B12-14,B12-14,B12-14,B12-14,B12-14,B12-14,B12-14,B12-14,B12-14,B12-14,B12-14,B12-14,B12-14,B12-14,B12-14,B12-14,B12-14,B12-14,B12-14,B12-14,B12-14,B12-14,B12-14,B12-14,B12-14,B12-14,B12-14,B12-14,B12-14,B12-14,B12-14,B12-14,B12-14,B12-14,B12-14,B12-14,B12-14,B12-14,B12-14,B12-14,B9-14,B9-14,B9-14,B9-14,B9-14,B9-14,B9-14,B9-14,B9-14,B9-14,B9-14,B9-14,B9-14,B9-14,B9-14,B9-14,B9-14,B9-14,B9-14,B5-14,B5-14,B5-14,B5-14,B5-14,B5-14,B5-14,B5-14,B5-14,B5-14,B5-14,B5-14,B5-14,B5-14,B5-14,B5-14,B5-14,B5-14,B5-14,B5-14,B5-14,B5-14,B5-14,B0-14,B0-14,B0-14,B0-14,B0-14,B0-14,B0-14,B0-14,B0-14,B0-14,B0-14,B0-14,B0-14,B0-14,B0-14,B0-14,B0-14,B,B,B,B,B-C,B-C,B-C,B-C,B-C,A-C,A-C,A-C,A-C,A-L
A4,A4,A4,A4,A4,A4,A4,A4,A4,A4,A4,A4,A4,A4,A4,A4,A4,A4,A4,A4,A4,A4,A4,A4,A4,A4,A4,A4,A4,A4-5,A4-5,A4-5,A4-5,A4-5,A4-5,A4-5,A4-5,A4-5,A4-5,A4-5,A4-5,A4-5,A4-5,A4-5,A4-5,A4-5,A4-5,A4-5,A4-5,A4-5,A4-5,A4-5,A4-5,A4-5,A4-5,A4-5,A4-5,A4-5,A4-5,A4-5,A4-5,A4-5,A4-5,A4-5,A4-5,A4-5,A4-5,A4-5,A4-5,A4-5,A4-5,A4-5,A4-5,A4-5,A4-5,A4-5,A4-5,A4-5,A4-5,A4-5,A4-5,A4-5,A4-5,A4-5,A4-5,A4-5,A4-5,A4-5,A4-5,A4-5,A4-5,A4-5,A4-5,A4-5,A4-5,A4-5,A4-5,A4-5,A4-5,A4-5,A4-5,A4-5,A4-5,A4-5,A4-5,A4-5,A4-5,A4-5,A4-5,A4-5,A4-5,A4-5,A4-5,A4-5,A4-5,A4-5,A4-5,A4-5,A4-5,A4-5,A4-5,A4-5,A4-5,A4-5,A4-5,A4-5,A4-5,A4-5,A4-5,A4-5,A4-5,A4-5,A4-5,A4-5,A4-5,A4-5,A4-5,A4-5,A4-5,A4-5,A4-5,A4-5,A4-5,A4-5,A4-5,A4-5,A4-5,A4-5,A4-5,A4-5,A4-5,A4-8,A4-8,A4-8,A4-8,A4-8,A4-8,A4-8,A4-8,A4-8,A4-8,A4-8,A4-8,A4-8,A4-8,A4-8,A4-8,A4-8,A4-8,A4-8,A4-8,A4-8,A4-8,A4-8,A4-8,A0-8,A0-8,A0-8,A0-8,A0-8,A0-8,A0-8,A0-8,A0-8,A0-8,A0-8,A0-8,A,A,A,A,A,A,A,A,A-C,A-C,A-C,A-C,A-L
J16,J16,J16,J16,J16,J16,J16,J16,J16,J16,J16,J16,J16,J16,J16,J16,J16,J16,J16,J16,J16,J16,J16,J16,J16,J16,J16,J16,J16,J16,J16,J16,J16,J16,J16,J16,J16,J16,J16,J16,J16,J16,J16,J16,J16,J16,J16,J16,J16,J16,J16,J16,J16,J16,J16,J16,J16,J16,J16,J16,J16,J16,J16,J16,J16,J15-16,J15-16,J15-16,J15-16,J15-16,J15-16,J15-16,J15-16,J15-16,J15-16,J15-16,J15-16,J15-16,J15-16,J15-16,J15-16,J15-16,J15-16,J15-16,J15-16,J15-16,J15-16,J15-16,J15-16,J15-16,J15-16,J15-16,J15-16,J15-16,J15-16,J15-16,J15-16,J15-16,J15-16,J15-16,J15-16,J15-16,J15-16,J15-16,J15-16,J15-16,J15-16,J15-16,J15-16,J13-16,J13-16,J13-16,J13-16,J13-16,J13-16,J13-16,J13-16,J13-16,J13-16,J13-16,J13-16,J13-16,J13-16,J13-16,J13-16,J13-16,J13-16,J13-16,J13-16,J13-16,J13-16,J13-16,J13-16,J13-16,J13-16,J13-16,J13-16,J13-16,J11-16,J11-16,J11-16,J11-16,J11-16,J11-16,J11-16,J11-16,J11-16,J11-16,J11-16,J11-16,J11-16,J11-16,J11-16,J11-16,J11-16,J11-16,J11-16,J11-16,J11-16,J11-16,J11-16,J11-16,J11-16,J11-16,J11-16,J11-16,J11-16,J11-16,J11-16,J11-16,J11-16,J11-16,J11-16,J11-16,J11-16,J11-16,J11-26,J11-26,J11-26,J11-26,J11-26,J11-26,J11-26,J11-26,J11-26,J,J,J,J,J,J,J,J,J,J-L,J-L,I-L,G-L,D-L,A-L
B3,B3,B3,B3,B3,B3,B3,B3,B3,B3,B3,B3,B3,B3,B3,B3,B3,B3,B3,B3,B3,B3,B3,B3,B3,B3,B3,B3,B3,B3,B3,B3,B3,B3,B3,B3,B3,B3,B3,B3,B3,B3,B3,B3,B3-4,B3-4,B3-4,B3-4,B3-4,B3-4,B3-4,B3-4,B3-4,B3-4,B3-4,B3-4,B3-4,B3-4,B3-4,B3-4,B3-4,B3-4,B3-4,B3-4,B3-4,B3-4,B3-4,B3-4,B3-4,B3-4,B3-4,B3-4,B3-4,B3-4,B3-4,B3-4,B3-4,B3-4,B3-4,B3-4,B3-4,B3-4,B3-4,B3-4,B3-4,B3-4,B3-4,B3-4,B3-4,B3-4,B3-4,B3-4,B3-4,B3-4,B3-4,B3-4,B3-4,B3-4,B3-4,B3-4,B3-4,B3-4,B3-4,B3-4,B3-4,B3-4,B3-4,B3-4,B3-4,B3-4,B3-4,B1-4,B1-4,B1-4,B1-4,B1-4,B1-4,B1-4,B1-4,B1-4,B1-4,B1-4,B1-4,B1-4,B1-4,B1-4,B1-4,B1-4,B1-4,B1-4,B1-4,B0-4,B0-4,B0-4,B0-4,B0-4,B0-4,B0-4,B0-4,B0-4,B0-4,B0-4,B0-4,B0-4,B0-4,B0-4,B0-4,B0-4,B0-4,B0-4,B0-4,B0-4,B0-4,B0-4,B0-4,B0-4,B0-4,B0-4,B0-4,B0-4,B0-4,B0-4,B0-4,B0-4,B0-4,B0-4,B0-4,B0-4,B0-4,B0-14,B0-14,B0-14,B0-14,B0-14,B0-14,B0-14,B0-14,B0-14,B0-14,B0-14,B0-14,B0-14,B0-14,B0-14,B0-14,B0-14,B,B,B,B,B-C,B-C,B-C,B-C,B-C,A-C,A-C,A-C,A-C,A-L
H11,H11,H11,H11,H11,H11,H11,H11,H11,H11,H11,H11,H11,H11,H11,H11,H11,H11,H11,H11,H11,H11,H11,H11,H11,H11,H11,H11,H11,H11,H11,H11,H11,H11,H11,H11,H11,H11,H11,H11,H11,H11,H11,H11,H11,H11,H11,H11,H11,H11,H11,H11,H11,H11,H11,H11,H11,H11,H11,H11,H11,H11,H11,H11,H11,H11,H11,H11,H11,H11,H11,H11,H11,H11,H11,H11,H11,H11,H11,H11,H11,H11,H11,H11,H11,H11,H11,H11,H11,H11,H11,H11,H11,H11,H11,H11,H11,H11,H11,H11,H11,H11,H11,H11,H11,H11,H11,H11-13,H11-13,H11-13,H11-13,H11-13,H11-13,H11-13,H11-13,H11-13,H11-13,H11-13,H11-13,H11-13,H11-13,H11-13,H11-13,H11-13,H11-13,H11-13,H11-13,H11-13,H11-13,H11-13,H11-13,H11-13,H11-13,H11-13,H11-13,H11-13,H11-13,H11-13,H11-13,H11-13,H11-13,H11-13,H11-13,H11-13,H11-13,H11-13,H11-13,H11-13,H11-13,H11-13,H11-13,H11-13,H11-13,H11-13,H11-13,H11-13,H11-13,H11-13,H11-13,H11-13,H11-13,H11-13,H11-13,H11-16,H11-16,H11-16,H11-16,H11-16,H11-16,H11-16,H11-16,H11-16,H11-16,H11-16,H11-16,H11-16,H11-16,H11-16,H,H,H,H,H,H,H,H,H,H,H,H,H,G-H,G-H,G-H,G-H,G-H,G-H,G-L,D-L,A-L
J22,J22,J22,J22,J22,J22,J22,J22,J22,J22,J22,J22,J22,J22,J22,J22,J22,J22,J22,J21-22,J21-22,J21-22,J21-22,J21-22,J21-22,J21-22,J21-22,J21-22,J21-22,J21-22,J21-22,J21-22,J21-22,J21-22,J21-22,J21-22,J21-22,J21-22,J20-22,J20-22,J20-22,J20-22,J20-22,J20-22,J20-22,J20-22,J20-22,J20-22,J20-22,J20-22,J20-22,J20-22,J20-22,J20-22,J20-22,J20-22,J20-22,J20-22,J20-22,J20-22,J20-22,J20-22,J20-22,J20-22,J20-22,J20-22,J20-22,J20-22,J20-22,J20-22,J20-22,J20-22,J20-22,J20-22,J20-22,J20-22,J20-22,J20-22,J20-22,J20-22,J20-22,J20-22,J20-22,J20-22,J20-22,J20-22,J20-22,J20-22,J20-22,J20-22,J20-22,J20-26,J20-26,J20-26,J20-26,J20-26,J20-26,J20-26,J20-26,J20-26,J20-26,J20-26,J20-26,J20-26,J20-26,J20-26,J20-26,J20-26,J20-26,J20-26,J20-26,J20-26,J20-26,J20-26,J20-26,J20-26,J20-26,J20-26,J20-26,J20-26,J20-26,J20-26,J20-26,J20-26,J20-26,J20-26,J20-26,J20-26,J20-26,J20-26,J20-26,J20-26,J20-26,J20-26,J20-26,J20-26,J20-26,J20-26,J20-26,J20-26,J20-26,J20-26,J20-26,J20-26,J17-26,J17-26,J17-26,J17-26,J17-26,J17-26,J17-26,J17-26,J17-26,J17-26,J17-26,J17-26,J17-26,J17-26,J17-26,J17-26,J17-26,J17-26,J17-26,J17-26,J17-26,J17-26,J17-26,J17-26,J17-26,J17-26,J17-26,J17-26,J17-26,J17-26,J17-26,J17-26,J11-26,J11-26,J11-26,J11-26,J11-26,J11-26,J11-26,J11-26,J11-26,J,J,J,J,J,J,J,J,J,J-L,J-L,I-L,G-L,D-L,A-L
D13,D13,D13,D13,D13,D13-14,D13-14,D13-14,D13-14,D13-14,D13-14,D13-14,D13-14,D13-14,D13-14,D13-14,D13-14,D13-14,D13-14,D13-14,D13-14,D13-14,D13-14,D13-14,D13-14,D13-14,D13-14,D13-14,D13-14,D13-14,D13-14,D13-14,D13-14,D13-14,D13-14,D13-14,D13-14,D13-14,D13-14,D13-14,D13-14,D13-14,D13-14,D13-14,D13-14,D13-14,D13-14,D13-14,D13-14,D13-14,D13-14,D12-14,D12-14,D12-14,D12-14,D12-14,D12-14,D12-14,D12-14,D12-14,D12-14,D12-14,D12-14,D12-14,D12-14,D12-14,D12-14,D12-14,D12-14,D12-14,D12-14,D12-14,D12-14,D12-14,D12-14,D12-14,D12-14,D12-14,D12-14,D12-14,D12-14,D12-14,D12-14,D12-14,D12-14,D12-14,D12-14,D12-14,D12-14,D12-14,D12-14,D12-14,D12-14,D12-14,D12-14,D12-14,D12-14,D12-14,D12-14,D12-14,D12-14,D12-14,D12-14,D12-14,D12-14,D12-14,D12-14,D12-14,D12-14,D12-14,D12-14,D12-14,D12-14,D12-14,D12-14,D12-14,D12-14,D12-14,D12-14,D12-14,D12-14,D12-14,D12-14,D12-14,D12-14,D12-14,D12-14,D12-14,D12-14,D12-14,D12-14,D12-14,D12-14,D12-14,D12-14,D12-14,D10-14,D10-14,D10-14,D10-14,D10-14,D10-14,D10-14,D10-14,D10-14,D10-14,D10-14,D10-14,D10-14,D10-14,D10-14,D10-14,D10-14,D10-14,D10-14,D10-14,D10-14,D10-14,D10-14,D10-14,D10-14,D10-14,D10-14,D10-14,D10-14,D10-14,D8-14,D8-14,D8-14,D8-14,D8-14,D8-14,D8-14,D8-14,D8-14,D8-14,D8-14,D8-14,D8-14,D8-14,D8-14,D8-14,D8-14,D,D,D,D,D,D,D,D,D,D,D-F,D-F,D-F,D-F,D-F,D-L,A-L
B4,B4,B4,B4,B4,B4,B4,B4,B4,B4,B4,B4,B4,B4,B4,B4,B4,B4,B4,B4,B4,B4,B4,B4,B4,B4,B4,B4,B4,B4,B4,B4,B4,B4,B4,B4,B4,B4,B4,B4,B4,B4,B4,B4,B3-4,B3-4,B3-4,B3-4,B3-4,B3-4,B3-4,B3-4,B3-4,B3-4,B3-4,B3-4,B3-4,B3-4,B3-4,B3-4,B3-4,B3-4,B3-4,B3-4,B3-4,B3-4,B3-4,B3-4,B3-4,B3-4,B3-4,B3-4,B3-4,B3-4,B3-4,B3-4,B3-4,B3-4,B3-4,B3-4,B3-4,B3-4,B3-4,B3-4,B3-4,B3-4,B3-4,B3-4,B3-4,B3-4,B3-4,B3-4,B3-4,B3-4,B3-4,B3-4,B3-4,B3-4,B3-4,B3-4,B3-4,B3-4,B3-4,B3-4,B3-4,B3-4,B3-4,B3-4,B3-4,B3-4,B3-4,B1-4,B1-4,B1-4,B1-4,B1-4,B1-4,B1-4,B1-4,B1-4,B1-4,B1-4,B1-4,B1-4,B1-4,B1-4,B1-4,B1-4,B1-4,B1-4,B1-4,B0-4,B0-4,B0-4,B0-4,B0-4,B0-4,B0-4,B0-4,B0-4,B0-4,B0-4,B0-4,B0-4,B0-4,B0-4,B0-4,B0-4,B0-4,B0-4,B0-4,B0-4,B0-4,B0-4,B0-4,B0-4,B0-4,B0-4,B0-4,B0-4,B0-4,B0-4,B0-4,B0-4,B0-4,B0-4,B0-4,B0-4,B0-4,B0-14,B0-14,B0-14,B0-14,B0-14,B0-14,B0-14,B0-14,B0-14,B0-14,B0-14,B0-14,B0-14,B0-14,B0-14,B0-14,B0-14,B,B,B,B,B-C,B-C,B-C,B-C,B-C,A-C,A-C,A-C,A-C,A-L
K13,K13,K13,K13,K13,K13,K13,K13,K13,K13,K13,K13,K13,K13,K13,K13,K13,K13,K13,K13,K13,K13,K13,K13,K13,K13,K13,K13,K13,K13,K13,K13,K13,K13,K13,K13,K13,K13,K13,K13,K13,K13,K13,K13,K13,K13,K13,K13-14,K13-14,K13-14,K13-14,K13-14,K13-14,K13-14,K13-14,K13-14,K13-14,K13-14,K13-14,K13-14,K13-14,K13-14,K13-14,K13-14,K13-14,K13-14,K13-14,K13-14,K13-14,K13-14,K13-14,K13-14,K13-14,K13-14,K13-14,K13-14,K13-14,K13-14,K13-14,K13-14,K13-14,K13-14,K13-14,K13-14,K13-14,K13-14,K13-14,K13-14,K13-14,K13-14,K13-14,K13-14,K13-14,K13-14,K13-14,K13-14,K13-14,K13-14,K13-14,K13-14,K13-14,K13-14,K13-14,K13-14,K13-14,K13-14,K13-14,K13-14,K13-14,K13-14,K13-14,K13-14,K13-14,K13-14,K13-14,K13-14,K13-14,K13-16,K13-16,K13-16,K13-16,K13-16,K13-16,K13-16,K13-16,K13-16,K13-16,K13-16,K13-16,K13-16,K13-16,K13-16,K13-16,K13-16,K13-16,K13-16,K13-16,K13-16,K13-16,K13-16,K13-16,K13-16,K13-16,K13-16,K13-16,K13-16,K13-16,K13-16,K13-16,K13-16,K13-16,K13-16,K13-16,K13-16,K11-16,K11-16,K11-16,K11-16,K11-16,K11-16,K11-16,K11-16,K11-16,K11-16,K11-16,K11-16,K11-16,K11-16,K11-16,K11-16,K11-16,K11-16,K11-16,K6-16,K6-16,K6-16,K6-16,K6-16,K6-16,K,K,K,K,K,K,K,K,K,K,K,K,K,K-L,K-L,J-L,J-L,I-L,G-L,D-L,A-L
K6,K6,K6,K6,K6,K6,K6,K6,K6,K6,K6,K6,K6,K6,K6,K6,K6,K6,K6,K6,K6,K6,K6,K6,K6,K6,K6,K6,K6,K6,K6,K6,K6,K6,K6,K6,K6,K6,K6,K6,K6,K6,K6,K6,K6,K6,K6,K6,K6,K6,K6,K6,K6,K6,K6,K6,K6,K6,K6,K6,K6-7,K6-7,K6-7,K6-7,K6-7,K6-7,K6-7,K6-7,K6-7,K6-7,K6-7,K6-7,K6-7,K6-7,K6-7,K6-7,K6-7,K6-7,K6-7,K6-7,K6-7,K6-7,K6-7,K6-7,K6-7,K6-7,K6-7,K6-7,K6-7,K6-7,K6-7,K6-7,K6-7,K6-7,K6-7,K6-7,K6-7,K6-7,K6-7,K6-7,K6-7,K6-7,K6-7,K6-7,K6-7,K6-7,K6-7,K6-7,K6-7,K6-7,K6-7,K6-7,K6-7,K6-7,K6-7,K6-7,K6-7,K6-7,K6-7,K6-10,K6-10,K6-10,K6-10,K6-10,K6-10,K6-10,K6-10,K6-10,K6-10,K6-10,K6-10,K6-10,K6-10,K6-10,K6-10,K6-10,K6-10,K6-10,K6-10,K6-10,K6-10,K6-10,K6-10,K6-10,K6-10,K6-10,K6-10,K6-10,K6-10,K6-10,K6-10,K6-10,K6-10,K6-10,K6-10,K6-10,K6-10,K6-10,K6-10,K6-10,K6-10,K6-10,K6-10,K6-10,K6-10,K6-10,K6-10,K6-10,K6-10,K6-10,K6-10,K6-10,K6-10,K6-16,K6-16,K6-16,K6-16,K6-16,K6-16,K,K,K,K,K,K,K,K,K,K,K,K,K,K-L,K-L,J-L,J-L,I-L,G-L,D-L,A-L
K1,K1,K1,K1,K1,K1,K1,K1,K1,K1,K1,K1,K1,K1,K1,K1,K1,K1,K1,K1,K1,K1,K1,K1,K1,K1,K1,K1,K1,K1,K1,K1,K1,K1,K1,K1,K1,K1,K1,K1,K1,K1,K1,K1,K1,K1,K1,K1,K1,K1,K1,K1,K1,K1,K1,K1,K1,K1,K1,K1,K1,K1,K1,K1,K1,K1,K1,K1,K1,K1,K1,K1,K1,K1,K1,K1,K1,K1,K1,K1,K1-2,K1-2,K1-2,K1-2,K1-2,K1-2,K1-2,K1-2,K1-2,K1-2,K1-2,K1-2,K1-2,K1-2,K1-2,K1-2,K1-2,K1-2,K1-2,K1-2,K1-2,K1-2,K1-2,K1-2,K1-2,K1-2,K1-2,K1-2,K1-2,K1-2,K1-2,K1-2,K1-2,K1-2,K1-2,K1-2,K1-2,K1-2,K1-2,K1-2,K1-2,K1-2,K1-2,K1-2,K1-2,K1-2,K1-2,K1-2,K1-2,K1-2,K1-2,K1-2,K1-2,K1-5,K1-5,K1-5,K1-5,K1-5,K1-5,K1-5,K1-5,K1-5,K1-5,K1-5,K1-5,K1-5,K1-5,K1-5,K1-5,K1-5,K1-5,K1-5,K0-5,K0-5,K0-5,K0-5,K0-5,K0-5,K0-5,K0-5,K0-5,K0-5,K0-5,K0-5,K0-5,K0-5,K0-5,K0-5,K0-5,K0-5,K0-5,K0-5,K0-5,K0-5,K0-5,K0-5,K0-5,K0-5,K0-5,K,K,K,K,K,K,K,K,K,K,K,K,K,K-L,K-L,J-L,J-L,I-L,G-L,D-L,A-L
B9,B9,B9,B9,B9,B9,B9,B9,B9,B9,B9,B9,B9,B9,B9,B9,B9,B9,B9,B9,B9,B9,B9,B9,B9,B9,B9,B9,B9,B9,B9,B9,B9,B9,B9,B9,B9,B9,B9,B9,B9,B9,B9,B9,B9,B9,B9,B9,B9,B9,B9,B9,B9,B9,B9,B9,B9,B9,B9,B9,B9,B9,B9,B9,B9,B9,B9,B9,B9,B9,B9-11,B9-11,B9-11,B9-11,B9-11,B9-11,B9-11,B9-11,B9-11,B9-11,B9-11,B9-11,B9-11,B9-11,B9-11,B9-11,B9-11,B9-11,B9-11,B9-11,B9-11,B9-11,B9-11,B9-11,B9-11,B9-11,B9-11,B9-11,B9-11,B9-11,B9-11,B9-11,B9-11,B9-11,B9-11,B9-11,B9-11,B9-11,B9-11,B9-11,B9-11,B9-11,B9-11,B9-11,B9-11,B9-11,B9-11,B9-11,B9-11,B9-11,B9-11,B9-11,B9-11,B9-11,B9-11,B9-11,B9-11,B9-14,B9-14,B9-14,B9-14,B9-14,B9-14,B9-14,B9-14,B9-14,B9-14,B9-14,B9-14,B9-14,B9-14,B9-14,B9-14,B9-14,B9-14,B9-14,B5-14,B5-14,B5-14,B5-14,B5-14,B5-14,B5-14,B5-14,B5-14,B5-14,B5-14,B5-14,B5-14,B5-14,B5-14,B5-14,B5-14,B5-14,B5-14,B5-14,B5-14,B5-14,B5-14,B0-14,B0-14,B0-14,B0-14,B0-14,B0-14,B0-14,B0-14,B0-14,B0-14,B0-14,B0-14,B0-14,B0-14,B0-14,B0-14,B0-14,B,B,B,B,B-C,B-C,B-C,B-C,B-C,A-C,A-C,A-C,A-C,A-L
A9,A9,A9,A9,A9,A9,A9,A9,A9,A9,A9,A9,A9,A9,A9,A9,A9,A9,A9,A9,A9,A9,A9,A9,A9,A9,A9-10,A9-10,A9-10,A9-10,A9-10,A9-10,A9-10,A9-10,A9-10,A9-10,A9-10,A9-10,A9-10,A9-10,A9-10,A9-10,A9-10,A9-10,A9-10,A9-10,A9-10,A9-10,A9-10,A9-10,A9-10,A9-10,A9-10,A9-10,A9-10,A9-10,A9-10,A9-10,A9-10,A9-10,A9-10,A9-10,A9-10,A9-10,A9-10,A9-10,A9-10,A9-10,A9-10,A9-10,A9-10,A9-10,A9-10,A9-10,A9-10,A9-10,A9-10,A9-10,A9-10,A9-10,A9-10,A9-10,A9-10,A9-10,A9-10,A9-10,A9-10,A9-10,A9-10,A9-10,A9-10,A9-10,A9-10,A9-10,A9-10,A9-10,A9-12,A9-12,A9-12,A9-12,A9-12,A9-12,A9-12,A9-12,A9-12,A9-12,A9-12,A9-12,A9-12,A9-12,A9-12,A9-12,A9-12,A9-12,A9-12,A9-12,A9-12,A9-12,A9-12,A9-12,A9-12,A9-12,A9-12,A9-12,A9-12,A9-12,A9-12,A9-12,A9-12,A9-12,A9-12,A9-12,A9-12,A9-12,A9-12,A9-12,A9-12,A9-12,A9-12,A9-12,A9-12,A9-12,A9-12,A9-12,A9-12,A9-12,A9-12,A9-12,A9-12,A9-12,A9-12,A9-12,A9-12,A9-12,A9-12,A9-12,A9-12,A9-12,A9-12,A9-12,A9-12,A9-12,A9-12,A9-12,A9-12,A9-12,A9-12,A9-12,A9-12,A9-12,A9-12,A9-12,A9-12,A9-12,A9-12,A9-12,A9-12,A9-18,A9-18,A9-18,A9-18,A9-18,A9-18,A9-18,A9-18,A9-18,A9-18,A,A,A,A,A,A,A,A,A-C,A-C,A-C,A-C,A-L
J1,J1,J1,J1-2,J1-2,J1-2,J1-2,J1-2,J1-2,J1-2,J1-2,J1-2,J1-2,J1-2,J1-2,J1-2,J1-2,J1-2,J1-2,J1-2,J1-2,J1-4,J1-4,J1-4,J1-4,J1-4,J1-4,J1-4,J1-4,J1-4,J1-4,J1-4,J1-4,J1-4,J1-4,J1-4,J1-4,J1-4,J1-4,J1-4,J1-4,J1-4,J1-4,J1-4,J1-4,J1-4,J1-4,J1-4,J1-4,J1-4,J1-4,J1-4,J1-4,J1-4,J1-4,J1-4,J1-4,J1-4,J1-4,J1-4,J1-4,J1-4,J1-4,J1-4,J1-4,J1-4,J1-4,J1-4,J1-4,J1-4,J1-4,J1-4,J1-4,J1-4,J1-4,J1-4,J1-4,J1-4,J1-4,J1-4,J1-4,J1-4,J1-4,J1-4,J1-4,J1-4,J1-4,J1-4,J1-4,J1-4,J1-4,J1-4,J1-4,J1-4,J1-4,J1-4,J1-4,J1-4,J1-4,J1-4,J1-4,J1-4,J1-4,J1-4,J1-4,J1-4,J1-4,J1-4,J1-4,J1-4,J1-4,J1-4,J1-4,J1-4,J1-4,J1-4,J1-4,J1-4,J1-4,J1-4,J1-4,J1-4,J1-4,J1-4,J1-4,J1-4,J1-4,J1-4,J1-4,J1-10,J1-10,J1-10,J1-10,J1-10,J1-10,J1-10,J1-10,J1-10,J1-10,J1-10,J1-10,J1-10,J1-10,J1-10,J1-10,J1-10,J1-10,J1-10,J1-10,J1-10,J1-10,J1-10,J1-10,J1-10,J1-10,J1-10,J0-10,J0-10,J0-10,J0-10,J0-10,J0-10,J0-10,J0-10,J0-10,J0-10,J0-10,J0-10,J0-10,J0-10,J0-10,J0-10,J0-10,J0-10,J0-10,J0-10,J0-10,J0-10,J0-10,J0-10,J0-10,J0-10,J0-10,J0-10,J0-10,J,J,J,J,J,J,J,J,J,J-L,J-L,I-L,G-L,D-L,A-L
H7,H7,H7,H7,H7,H7,H7,H7,H7,H7,H7,H7,H7,H7,H7,H7,H7,H7-8,H7-8,H7-8,H7-8,H7-8,H7-8,H7-8,H7-8,H7-8,H7-8,H7-8,H7-8,H7-8,H7-8,H7-8,H7-10,H7-10,H7-10,H7-10,H7-10,H7-10,H7-10,H7-10,H7-10,H7-10,H7-10,H7-10,H7-10,H7-10,H7-10,H7-10,H7-10,H7-10,H7-10,H7-10,H7-10,H7-10,H7-10,H7-10,H7-10,H7-10,H7-10,H7-10,H7-10,H7-10,H7-10,H7-10,H7-10,H7-10,H7-10,H7-10,H7-10,H7-10,H7-10,H7-10,H7-10,H7-10,H7-10,H7-10,H7-10,H7-10,H7-10,H7-10,H7-10,H7-10,H7-10,H7-10,H7-10,H7-10,H7-10,H7-10,H7-10,H7-10,H7-10,H7-10,H7-10,H7-10,H7-10,H7-10,H7-10,H7-10,H7-10,H7-10,H7-10,H7-10,H7-10,H7-10,H7-10,H7-10,H7-10,H7-10,H7-10,H7-10,H7-10,H7-10,H7-10,H7-10,H7-10,H7-10,H7-10,H7-10,H7-10,H7-10,H7-10,H7-10,H7-10,H7-10,H7-10,H7-10,H7-10,H7-10,H7-10,H7-10,H7-10,H7-10,H4-10,H4-10,H4-10,H4-10,H4-10,H4-10,H4-10,H4-10,H4-10,H4-10,H4-10,H4-10,H4-10,H4-10,H4-10,H4-10,H0-10,H0-10,H0-10,H0-10,H0-10,H0-10,H0-10,H0-10,H0-10,H0-10,H0-10,H0-10,H0-10,H0-10,H0-10,H0-10,H0-10,H0-10,H0-10,H0-10,H0-10,H0-10,H0-10,H0-10,H0-10,H0-10,H0-10,H0-10,H0-10,H0-10,H,H,H,H,H,H,H,H,H,H,H,H,H,G-H,G-H,G-H,G-H,G-H,G-H,G-L,D-L,A-L
L8,L8,L8,L8,L8,L8,L8,L8,L8,L8,L8,L8,L8,L8,L8,L8,L8,L8,L8-9,L8-9,L8-9,L8-9,L8-9,L8-9,L8-9,L8-9,L8-9,L8-9,L8-9,L8-9,L8-9,L8-9,L8-9,L8-9,L8-9,L8-9,L8-9,L8-9,L8-9,L8-9,L8-9,L8-9,L8-9,L7-9,L7-9,L7-9,L7-9,L7-9,L7-9,L7-9,L7-9,L7-9,L7-9,L7-9,L7-9,L7-9,L7-9,L7-9,L7-9,L7-9,L7-9,L7-9,L7-9,L7-9,L7-9,L7-9,L7-9,L7-9,L7-9,L7-9,L7-9,L7-9,L7-9,L7-9,L7-9,L7-9,L7-9,L7-9,L7-9,L7-9,L7-9,L7-9,L7-9,L7-9,L7-9,L7-9,L7-9,L7-9,L7-9,L7-9,L7-9,L7-9,L7-9,L7-9,L7-9,L7-9,L7-9,L7-9,L7-9,L7-9,L7-9,L7-9,L7-9,L7-9,L7-9,L7-9,L7-9,L7-9,L7-12,L7-12,L7-12,L7-12,L7-12,L7-12,L7-12,L7-12,L7-12,L7-12,L7-12,L7-12,L7-12,L7-12,L7-12,L7-12,L7-12,L7-12,L7-12,L7-12,L7-12,L7-12,L7-12,L7-12,L7-12,L7-12,L7-12,L7-12,L7-12,L7-12,L7-12,L7-12,L7-12,L7-12,L7-12,L7-12,L7-12,L7-12,L7-12,L7-12,L7-12,L7-12,L7-12,L7-12,L7-12,L7-12,L7-12,L7-12,L7-12,L7-12,L3-12,L3-12,L3-12,L3-12,L3-12,L3-12,L3-12,L3-12,L3-12,L3-12,L3-12,L3-12,L3-12,L3-12,L0-12,L0-12,L0-12,L0-12,L0-12,L0-12,L0-12,L0-12,L0-12,L0-12,L0-12,L0-12,L,L,L,L,L,L,L,L,K-L,K-L,J-L,J-L,I-L,G-L,D-L,A-L
E0,E0,E0,E0,E0,E0,E0,E0,E0,E0,E0,E0,E0,E0,E0,E0,E0,E0,E0,E0,E0,E0,E0,E0,E0,E0,E0,E0,E0,E0,E0,E0,E0,E0,E0,E0,E0,E0,E0,E0,E0,E0,E0,E0,E0,E0,E0,E0,E0,E0,E0,E0,E0,E0,E0,E0,E0,E0,E0,E0,E0,E0,E0,E0,E0,E0,E0,E0,E0,E0,E0,E0,E0,E0,E0,E0,E0,E0,E0,E0,E0,E0,E0,E0,E0,E0-1,E0-1,E0-1,E0-1,E0-1,E0-1,E0-1,E0-1,E0-1,E0-1,E0-1,E0-1,E0-1,E0-1,E0-1,E0-1,E0-1,E0-1,E0-1,E0-1,E0-1,E0-1,E0-1,E0-1,E0-1,E0-1,E0-1,E0-1,E0-1,E0-1,E0-1,E0-1,E0-1,E0-1,E0-1,E0-1,E0-1,E0-1,E0-1,E0-1,E0-1,E0-1,E0-1,E0-1,E0-1,E0-1,E0-1,E0-1,E0-1,E0-1,E0-1,E0-1,E0-1,E0-1,E0-1,E0-1,E0-1,E0-1,E0-1,E0-1,E0-1,E0-1,E0-1,E0-1,E0-1,E0-1,E0-1,E0-1,E0-1,E0-1,E0-1,E0-1,E0-1,E0-1,E0-1,E,E,E,E,E,E,E,E,E,E,E,E,E,E,E,E,E,E,E,E,E,E,E,E,E,E,E,E,E,E-F,E-F,E-F,E-F,D-F,D-F,D-F,D-F,D-F,D-L,A-L
B6,B6,B6,B6,B6,B6,B6,B6,B6,B6,B6,B6,B6,B6,B6,B6,B6,B6,B6,B6,B6,B6,B6,B6,B6,B6,B6,B6,B6,B6,B6,B6,B6,B6,B6,B6,B6,B6,B6,B6,B6,B6,B6,B6,B6,B6,B6,B6,B6,B6-8,B6-8,B6-8,B6-8,B6-8,B6-8,B6-8,B6-8,B6-8,B6-8,B6-8,B6-8,B6-8,B6-8,B6-8,B6-8,B6-8,B6-8,B6-8,B6-8,B6-8,B6-8,B6-8,B6-8,B6-8,B6-8,B6-8,B6-8,B6-8,B6-8,B6-8,B6-8,B6-8,B6-8,B6-8,B6-8,B6-8,B6-8,B6-8,B6-8,B6-8,B6-8,B6-8,B6-8,B6-8,B6-8,B6-8,B6-8,B6-8,B6-8,B6-8,B6-8,B6-8,B6-8,B6-8,B6-8,B5-8,B5-8,B5-8,B5-8,B5-8,B5-8,B5-8,B5-8,B5-8,B5-8,B5-8,B5-8,B5-8,B5-8,B5-8,B5-8,B5-8,B5-8,B5-8,B5-8,B5-8,B5-8,B5-8,B5-8,B5-8,B5-8,B5-8,B5-8,B5-8,B5-8,B5-8,B5-8,B5-8,B5-8,B5-8,B5-8,B5-8,B5-8,B5-8,B5-8,B5-8,B5-14,B5-14,B5-14,B5-14,B5-14,B5-14,B5-14,B5-14,B5-14,B5-14,B5-14,B5-14,B5-14,B5-14,B5-14,B5-14,B5-14,B5-14,B5-14,B5-14,B5-14,B5-14,B5-14,B0-14,B0-14,B0-14,B0-14,B0-14,B0-14,B0-14,B0-14,B0-14,B0-14,B0-14,B0-14,B0-14,B0-14,B0-14,B0-14,B0-14,B,B,B,B,B-C,B-C,B-C,B-C,B-C,A-C,A-C,A-C,A-C,A-L
I5,I5,I5,I5,I5,I5,I5,I5,I5,I5,I5,I5,I5,I5,I5,I5,I5,I5,I5,I5,I5,I5,I5,I5,I5,I5,I5,I5,I5,I5,I5,I5,I5,I5,I5,I5,I5,I5,I5,I5,I5,I5,I5,I5,I5,I5,I5,I5,I5,I5,I5,I5,I5,I5,I5,I5,I5,I5,I5,I5,I5,I5,I5,I5,I5,I5,I5,I5,I5,I4-5,I4-5,I4-5,I4-5,I4-5,I4-5,I4-5,I4-5,I4-5,I4-5,I4-5,I4-5,I4-5,I4-5,I4-5,I4-5,I4-5,I4-5,I4-5,I3-5,I3-5,I3-5,I3-5,I3-5,I3-5,I3-5,I3-5,I3-5,I3-5,I3-5,I3-5,I3-5,I3-5,I3-5,I3-5,I3-5,I3-5,I3-5,I3-5,I3-5,I3-5,I3-5,I3-5,I3-5,I3-5,I3-5,I3-5,I3-5,I3-5,I3-5,I3-5,I3-5,I3-5,I3-5,I3-5,I3-5,I3-5,I3-5,I3-5,I3-5,I3-5,I3-5,I3-5,I3-5,I3-5,I3-5,I3-5,I3-5,I3-5,I3-5,I3-5,I3-5,I3-5,I3-5,I3-5,I3-5,I3-5,I3-5,I3-5,I3-5,I3-5,I3-5,I3-5,I3-5,I3-5,I3-5,I3-5,I3-5,I3-5,I3-5,I3-5,I3-5,I0-5,I0-5,I0-5,I0-5,I0-5,I0-5,I0-5,I0-5,I0-5,I0-5,I0-5,I0-5,I0-5,I0-5,I0-5,I0-5,I0-5,I0-5,I0-5,I0-5,I0-5,I,I,I,I,I,I,I,I,I,I,I,I,I,I,I-L,G-L,D-L,A-L
E1,E1,E1,E1,E1,E1,E1,E1,E1,E1,E1,E1,E1,E1,E1,E1,E1,E1,E1,E1,E1,E1,E1,E1,E1,E1,E1,E1,E1,E1,E1,E1,E1,E1,E1,E1,E1,E1,E1,E1,E1,E1,E1,E1,E1,E1,E1,E1,E1,E1,E1,E1,E1,E1,E1,E1,E1,E1,E1,E1,E1,E1,E1,E1,E1,E1,E1,E1,E1,E1,E1,E1,E1,E1,E1,E1,E1,E1,E1,E1,E1,E1,E1,E1,E1,E0-1,E0-1,E0-1,E0-1,E0-1,E0-1,E0-1,E0-1,E0-1,E0-1,E0-1,E0-1,E0-1,E0-1,E0-1,E0-1,E0-1,E0-1,E0-1,E0-1,E0-1,E0-1,E0-1,E0-1,E0-1,E0-1,E0-1,E0-1,E0-1,E0-1,E0-1,E0-1,E0-1,E0-1,E0-1,E0-1,E0-1,E0-1,E0-1,E0-1,E0-1,E0-1,E0-1,E0-1,E0-1,E0-1,E0-1,E0-1,E0-1,E0-1,E0-1,E0-1,E0-1,E0-1,E0-1,E0-1,E0-1,E0-1,E0-1,E0-1,E0-1,E0-1,E0-1,E0-1,E0-1,E0-1,E0-1,E0-1,E0-1,E0-1,E0-1,E0-1,E0-1,E0-1,E0-1,E,E,E,E,E,E,E,E,E,E,E,E,E,E,E,E,E,E,E,E,E,E,E,E,E,E,E,E,E,E-F,E-F,E-F,E-F,D-F,D-F,D-F,D-F,D-F,D-L,A-L
F8,F8,F8,F8,F8,F8,F8,F8,F8,F8,F8,F8,F8,F8,F8,F8,F8,F8,F8,F8,F8,F8,F8,F8,F8,F8,F8,F8,F8,F8,F8,F8,F8,F8,F8,F8,F8,F8,F8,F8,F8,F8,F8,F8,F8,F8,F8,F8,F8,F8,F8,F8,F8,F8,F8,F8,F8,F8,F8,F8,F8,F8-9,F8-9,F8-9,F8-9,F8-9,F8-9,F8-9,F8-9,F8-9,F8-9,F8-9,F8-9,F8-9,F8-9,F8-9,F8-9,F8-9,F8-9,F8-9,F8-9,F8-9,F8-9,F8-9,F8-9,F8-9,F8-9,F8-9,F8-9,F8-9,F8-9,F8-9,F8-9,F8-9,F8-9,F8-9,F8-9,F8-9,F8-9,F8-9,F8-9,F8-9,F8-9,F8-9,F8-9,F8-9,F8-9,F8-9,F8-9,F8-9,F8-9,F8-9,F8-9,F8-9,F8-9,F8-9,F8-9,F8-9,F8-9,F8-9,F8-9,F8-9,F8-9,F8-9,F8-9,F8-9,F8-9,F8-9,F8-9,F8-9,F8-9,F8-9,F8-9,F8-9,F8-9,F8-9,F8-9,F8-9,F8-9,F8-9,F8-11,F8-11,F8-11,F8-11,F8-11,F8-11,F8-11,F8-11,F8-11,F8-11,F8-11,F8-11,F8-11,F8-11,F8-11,F8-11,F8-11,F8-11,F8-11,F8-11,F8-11,F8-11,F8-11,F8-11,F8-11,F8-11,F8-11,F8-11,F3-11,F3-11,F3-11,F3-11,F3-11,F3-11,F3-11,F3-11,F3-11,F3-11,F3-11,F3-11,F,F,F,F,F,F,F,F,F,E-F,E-F,E-F,E-F,D-F,D-F,D-F,D-F,D-F,D-L,A-L
B7,B7,B7,B7,B7,B7,B7,B7,B7,B7,B7,B7,B7,B7,B7,B7,B7,B7,B7,B7,B7,B7,B7,B7,B7,B7,B7,B7,B7,B7,B7,B7,B7,B7-8,B7-8,B7-8,B7-8,B7-8,B7-8,B7-8,B7-8,B7-8,B7-8,B7-8,B7-8,B7-8,B7-8,B7-8,B7-8,B6-8,B6-8,B6-8,B6-8,B6-8,B6-8,B6-8,B6-8,B6-8,B6-8,B6-8,B6-8,B6-8,B6-8,B6-8,B6-8,B6-8,B6-8,B6-8,B6-8,B6-8,B6-8,B6-8,B6-8,B6-8,B6-8,B6-8,B6-8,B6-8,B6-8,B6-8,B6-8,B6-8,B6-8,B6-8,B6-8,B6-8,B6-8,B6-8,B6-8,B6-8,B6-8,B6-8,B6-8,B6-8,B6-8,B6-8,B6-8,B6-8,B6-8,B6-8,B6-8,B6-8,B6-8,B6-8,B6-8,B5-8,B5-8,B5-8,B5-8,B5-8,B5-8,B5-8,B5-8,B5-8,B5-8,B5-8,B5-8,B5-8,B5-8,B5-8,B5-8,B5-8,B5-8,B5-8,B5-8,B5-8,B5-8,B5-8,B5-8,B5-8,B5-8,B5-8,B5-8,B5-8,B5-8,B5-8,B5-8,B5-8,B5-8,B5-8,B5-8,B5-8,B5-8,B5-8,B5-8,B5-8,B5-14,B5-14,B5-14,B5-14,B5-14,B5-14,B5-14,B5-14,B5-14,B5-14,B5-14,B5-14,B5-14,B5-14,B5-14,B5-14,B5-14,B5-14,B5-14,B5-14,B5-14,B5-14,B5-14,B0-14,B0-14,B0-14,B0-14,B0-14,B0-14,B0-14,B0-14,B0-14,B0-14,B0-14,B0-14,B0-14,B0-14,B0-14,B0-14,B0-14,B,B,B,B,B-C,B-C,B-C,B-C,B-C,A-C,A-C,A-C,A-C,A-L
L1,L1,L1,L1,L1,L1,L1,L1,L1,L1,L1,L1,L1,L1,L1,L1,L1,L1,L1,L1,L1,L1,L1,L1,L1,L1,L1,L1,L1,L1,L1,L1,L1,L1,L1,L1,L1,L1,L1,L1,L1,L1,L1,L1,L1,L1,L1,L1,L1,L1,L1,L1,L1,L1,L1,L1,L1,L1,L1,L1,L1,L1,L1,L1,L1-2,L1-2,L1-2,L1-2,L1-2,L1-2,L1-2,L1-2,L1-2,L1-2,L1-2,L1-2,L1-2,L1-2,L1-2,L1-2,L1-2,L1-2,L1-2,L0-2,L0-2,L0-2,L0-2,L0-2,L0-2,L0-2,L0-2,L0-2,L0-2,L0-2,L0-2,L0-2,L0-2,L0-2,L0-2,L0-2,L0-2,L0-2,L0-2,L0-2,L0-2,L0-2,L0-2,L0-2,L0-2,L0-2,L0-2,L0-2,L0-2,L0-2,L0-2,L0-2,L0-2,L0-2,L0-2,L0-2,L0-2,L0-2,L0-2,L0-2,L0-2,L0-2,L0-2,L0-2,L0-2,L0-2,L0-2,L0-2,L0-2,L0-2,L0-2,L0-2,L0-2,L0-2,L0-2,L0-2,L0-2,L0-2,L0-2,L0-2,L0-2,L0-2,L0-2,L0-2,L0-2,L0-2,L0-2,L0-2,L0-2,L0-2,L0-2,L0-2,L0-2,L0-2,L0-2,L0-2,L0-2,L0-2,L0-2,L0-2,L0-2,L0-2,L0-2,L0-2,L0-2,L0-2,L0-2,L0-2,L0-12,L0-12,L0-12,L0-12,L0-12,L0-12,L0-12,L0-12,L0-12,L0-12,L0-12,L0-12,L,L,L,L,L,L,L,L,K-L,K-L,J-L,J-L,I-L,G-L,D-L,A-L
J8,J8,J8,J8,J8,J8,J7-8,J7-8,J7-8,J7-8,J7-8,J7-8,J7-8,J7-8,J7-8,J7-8,J7-8,J7-8,J7-8,J7-8,J7-8,J7-8,J7-8,J7-8,J7-8,J7-8,J7-8,J7-8,J7-8,J7-8,J7-8,J7-8,J7-8,J7-8,J7-8,J7-8,J7-8,J7-8,J7-8,J7-8,J7-8,J7-8,J7-8,J7-8,J7-8,J7-8,J7-8,J7-8,J7-8,J7-8,J7-8,J7-8,J7-8,J7-8,J7-8,J7-8,J7-8,J7-8,J7-8,J7-8,J7-8,J7-8,J7-8,J7-8,J7-8,J7-8,J7-8,J7-8,J7-8,J7-8,J7-8,J7-8,J7-8,J7-8,J7-10,J7-10,J7-10,J7-10,J7-10,J7-10,J7-10,J7-10,J7-10,J7-10,J7-10,J7-10,J7-10,J7-10,J7-10,J7-10,J7-10,J7-10,J7-10,J7-10,J7-10,J7-10,J7-10,J7-10,J7-10,J7-10,J7-10,J7-10,J7-10,J5-10,J5-10,J5-10,J5-10,J5-10,J5-10,J5-10,J5-10,J5-10,J5-10,J5-10,J5-10,J5-10,J5-10,J5-10,J5-10,J5-10,J5-10,J5-10,J5-10,J5-10,J5-10,J5-10,J5-10,J5-10,J5-10,J1-10,J1-10,J1-10,J1-10,J1-10,J1-10,J1-10,J1-10,J1-10,J1-10,J1-10,J1-10,J1-10,J1-10,J1-10,J1-10,J1-10,J1-10,J1-10,J1-10,J1-10,J1-10,J1-10,J1-10,J1-10,J1-10,J1-10,J0-10,J0-10,J0-10,J0-10,J0-10,J0-10,J0-10,J0-10,J0-10,J0-10,J0-10,J0-10,J0-10,J0-10,J0-10,J0-10,J0-10,J0-10,J0-10,J0-10,J0-10,J0-10,J0-10,J0-10,J0-10,J0-10,J0-10,J0-10,J0-10,J,J,J,J,J,J,J,J,J,J-L,J-L,I-L,G-L,D-L,A-L
B22,B22,B22,B22,B22,B22,B22,B22,B22,B22,B22,B22,B22,B22,B22,B22,B22,B22,B22,B22,B22,B22,B22,B22,B22,B22,B22,B22,B22,B22,B22,B22,B22,B22,B22,B22,B22,B22,B22,B22,B22,B22,B22,B22,B22,B22,B22,B22,B22,B22,B22,B22,B22,B22,B22,B22,B22,B22,B22,B22,B22,B22,B22,B22,B22,B22,B22,B22,B22,B22,B22,B22,B22,B22,B22,B22,B22,B22,B22,B22,B22,B22,B22,B22,B22,B22,B22,B22,B22,B22,B22,B22,B22,B22,B22,B22,B22,B22,B22,B22,B22,B22,B22,B22,B22,B22,B22,B22,B22,B22,B22,B22,B22,B22,B22,B22,B22,B22,B22,B22,B22,B22,B22,B22,B21-22,B21-22,B21-22,B21-22,B21-22,B21-22,B21-22,B21-22,B21-22,B21-22,B21-22,B21-22,B21-22,B21-22,B21-22,B21-22,B21-22,B21-22,B21-22,B21-22,B21-22,B21-22,B21-22,B21-22,B21-22,B21-22,B21-22,B21-22,B21-22,B21-22,B21-22,B21-22,B21-22,B21-22,B21-22,B21-22,B21-22,B21-22,B21-22,B21-22,B21-22,B21-22,B21-22,B21-30,B21-30,B21-30,B21-30,B21-30,B21-30,B21-30,B21-30,B21-30,B21-30,B21-30,B21-30,B21-30,B21-30,B15-30,B15-30,B15-30,B15-30,B15-30,B,B,B,B,B-C,B-C,B-C,B-C,B-C,A-C,A-C,A-C,A-C,A-L
D14,D14,D14,D14,D14,D13-14,D13-14,D13-14,D13-14,D13-14,D13-14,D13-14,D13-14,D13-14,D13-14,D13-14,D13-14,D13-14,D13-14,D13-14,D13-14,D13-14,D13-14,D13-14,D13-14,D13-14,D13-14,D13-14,D13-14,D13-14,D13-14,D13-14,D13-14,D13-14,D13-14,D13-14,D13-14,D13-14,D13-14,D13-14,D13-14,D13-14,D13-14,D13-14,D13-14,D13-14,D13-14,D13-14,D13-14,D13-14,D13-14,D12-14,D12-14,D12-14,D12-14,D12-14,D12-14,D12-14,D12-14,D12-14,D12-14,D12-14,D12-14,D12-14,D12-14,D12-14,D12-14,D12-14,D12-14,D12-14,D12-14,D12-14,D12-14,D12-14,D12-14,D12-14,D12-14,D12-14,D12-14,D12-14,D12-14,D12-14,D12-14,D12-14,D12-14,D12-14,D12-14,D12-14,D12-14,D12-14,D12-14,D12-14,D12-14,D12-14,D12-14,D12-14,D12-14,D12-14,D12-14,D12-14,D12-14,D12-14,D12-14,D12-14,D12-14,D12-14,D12-14,D12-14,D12-14,D12-14,D12-14,D12-14,D12-14,D12-14,D12-14,D12-14,D12-14,D12-14,D12-14,D12-14,D12-14,D12-14,D12-14,D12-14,D12-14,D12-14,D12-14,D12-14,D12-14,D12-14,D12-14,D12-14,D12-14,D12-14,D12-14,D12-14,D10-14,D10-14,D10-14,D10-14,D10-14,D10-14,D10-14,D10-14,D10-14,D10-14,D10-14,D10-14,D10-14,D10-14,D10-14,D10-14,D10-14,D10-14,D10-14,D10-14,D10-14,D10-14,D10-14,D10-14,D10-14,D10-14,D10-14,D10-14,D10-14,D10-14,D8-14,D8-14,D8-14,D8-14,D8-14,D8-14,D8-14,D8-14,D8-14,D8-14,D8-14,D8-14,D8-14,D8-14,D8-14,D8-14,D8-14,D,D,D,D,D,D,D,D,D,D,D-F,D-F,D-F,D-F,D-F,D-L,A-L
B16,B16,B16,B16,B16,B16,B16,B16,B16,B16,B16,B16,B16,B16,B16,B16,B16,B16,B16,B16,B16,B16,B16,B16,B16,B16,B16,B16,B16,B16,B16,B16,B16,B16,B16,B16,B16,B16-17,B16-17,B16-17,B16-17,B16-17,B16-17,B16-17,B16-17,B16-17,B16-17,B16-17,B16-17,B16-17,B16-17,B16-17,B16-17,B16-17,B16-17,B16-17,B16-17,B16-17,B16-17,B16-17,B16-17,B16-17,B16-17,B16-17,B16-17,B16-17,B16-17,B16-17,B16-17,B16-17,B16-17,B16-17,B16-17,B16-17,B16-17,B16-17,B16-17,B16-17,B16-17,B16-17,B16-17,B16-17,B16-17,B16-17,B16-17,B16-17,B16-17,B16-17,B16-17,B16-17,B16-17,B16-17,B16-17,B16-17,B16-17,B16-17,B16-17,B15-17,B15-17,B15-17,B15-17,B15-17,B15-17,B15-17,B15-17,B15-17,B15-17,B15-17,B15-17,B15-17,B15-17,B15-17,B15-17,B15-17,B15-17,B15-17,B15-17,B15-17,B15-17,B15-17,B15-17,B15-17,B15-17,B15-17,B15-17,B15-17,B15-17,B15-17,B15-17,B15-17,B15-17,B15-17,B15-17,B15-17,B15-17,B15-17,B15-17,B15-17,B15-17,B15-17,B15-17,B15-17,B15-17,B15-17,B15-17,B15-20,B15-20,B15-20,B15-20,B15-20,B15-20,B15-20,B15-20,B15-20,B15-20,B15-20,B15-20,B15-20,B15-20,B15-20,B15-20,B15-20,B15-20,B15-20,B15-20,B15-20,B15-20,B15-20,B15-20,B15-20,B15-20,B15-20,B15-20,B15-20,B15-20,B15-20,B15-20,B15-20,B15-20,B15-20,B15-20,B15-30,B15-30,B15-30,B15-30,B15-30,B,B,B,B,B-C,B-C,B-C,B-C,B-C,A-C,A-C,A-C,A-C,A-L
F5,F4-5,F4-5,F4-5,F4-5,F4-5,F4-5,F4-5,F4-5,F4-5,F4-5,F4-5,F4-5,F4-5,F4-5,F4-5,F4-5,F4-5,F4-5,F4-5,F4-5,F4-5,F4-5,F4-5,F4-5,F4-5,F4-5,F4-5,F4-5,F4-5,F4-5,F4-5,F4-5,F4-5,F4-5,F4-5,F4-5,F4-5,F4-5,F4-5,F4-5,F4-5,F4-5,F4-5,F4-5,F4-5,F4-5,F4-5,F4-5,F4-5,F4-5,F4-5,F4-5,F4-5,F4-5,F4-5,F4-5,F4-7,F4-7,F4-7,F4-7,F4-7,F4-7,F4-7,F4-7,F4-7,F4-7,F4-7,F4-7,F4-7,F4-7,F4-7,F4-7,F4-7,F4-7,F4-7,F4-7,F4-7,F4-7,F4-7,F4-7,F4-7,F4-7,F4-7,F4-7,F4-7,F4-7,F4-7,F4-7,F4-7,F3-7,F3-7,F3-7,F3-7,F3-7,F3-7,F3-7,F3-7,F3-7,F3-7,F3-7,F3-7,F3-7,F3-7,F3-7,F3-7,F3-7,F3-7,F3-7,F3-7,F3-7,F3-7,F3-7,F3-7,F3-7,F3-7,F3-7,F3-7,F3-7,F3-7,F3-7,F3-7,F3-7,F3-7,F3-7,F3-7,F3-7,F3-7,F3-7,F3-7,F3-7,F3-7,F3-7,F3-7,F3-7,F3-7,F3-7,F3-7,F3-7,F3-7,F3-7,F3-7,F3-7,F3-7,F3-7,F3-7,F3-7,F3-7,F3-7,F3-7,F3-7,F3-7,F3-7,F3-7,F3-7,F3-7,F3-7,F3-7,F3-7,F3-7,F3-7,F3-7,F3-7,F3-7,F3-7,F3-7,F3-7,F3-7,F3-11,F3-11,F3-11,F3-11,F3-11,F3-11,F3-11,F3-11,F3-11,F3-11,F3-11,F3-11,F,F,F,F,F,F,F,F,F,E-F,E-F,E-F,E-F,D-F,D-F,D-F,D-F,D-F,D-L,A-L
J17,J17,J17,J17,J17,J17,J17,J17,J17,J17,J17,J17,J17,J17,J17,J17,J17-19,J17-19,J17-19,J17-19,J17-19,J17-19,J17-19,J17-19,J17-19,J17-19,J17-19,J17-19,J17-19,J17-19,J17-19,J17-19,J17-19,J17-19,J17-19,J17-19,J17-19,J17-19,J17-19,J17-19,J17-19,J17-19,J17-19,J17-19,J17-19,J17-19,J17-19,J17-19,J17-19,J17-19,J17-19,J17-19,J17-19,J17-19,J17-19,J17-19,J17-19,J17-19,J17-19,J17-19,J17-19,J17-19,J17-19,J17-19,J17-19,J17-19,J17-19,J17-19,J17-19,J17-19,J17-19,J17-19,J17-19,J17-19,J17-19,J17-19,J17-19,J17-19,J17-19,J17-19,J17-19,J17-19,J17-19,J17-19,J17-19,J17-19,J17-19,J17-19,J17-19,J17-19,J17-19,J17-19,J17-19,J17-19,J17-19,J17-19,J17-19,J17-19,J17-19,J17-19,J17-19,J17-19,J17-19,J17-19,J17-19,J17-19,J17-19,J17-19,J17-19,J17-19,J17-19,J17-19,J17-19,J17-19,J17-19,J17-19,J17-19,J17-19,J17-19,J17-19,J17-19,J17-19,J17-19,J17-19,J17-19,J17-19,J17-19,J17-19,J17-19,J17-19,J17-19,J17-19,J17-19,J17-19,J17-19,J17-19,J17-19,J17-19,J17-19,J17-19,J17-19,J17-19,J17-19,J17-19,J17-26,J17-26,J17-26,J17-26,J17-26,J17-26,J17-26,J17-26,J17-26,J17-26,J17-26,J17-26,J17-26,J17-26,J17-26,J17-26,J17-26,J17-26,J17-26,J17-26,J17-26,J17-26,J17-26,J17-26,J17-26,J17-26,J17-26,J17-26,J17-26,J17-26,J17-26,J17-26,J11-26,J11-26,J11-26,J11-26,J11-26,J11-26,J11-26,J11-26,J11-26,J,J,J,J,J,J,J,J,J,J-L,J-L,I-L,G-L,D-L,A-L
A0,A0,A0,A0,A0,A0,A0,A0,A0,A0,A0,A0,A0,A0,A0,A0,A0,A0,A0,A0,A0,A0,A0,A0,A0,A0,A0,A0,A0,A0,A0,A0,A0,A0,A0,A0,A0,A0,A0,A0,A0,A0,A0,A0,A0,A0,A0,A0,A0,A0,A0,A0,A0,A0,A0,A0,A0,A0,A0,A0,A0,A0,A0,A0,A0,A0,A0,A0,A0,A0,A0,A0,A0,A0,A0,A0,A0,A0,A0,A0,A0,A0,A0,A0,A0,A0,A0,A0,A0,A0-1,A0-1,A0-1,A0-1,A0-1,A0-1,A0-1,A0-1,A0-1,A0-1,A0-1,A0-1,A0-1,A0-1,A0-1,A0-1,A0-1,A0-1,A0-1,A0-1,A0-1,A0-1,A0-1,A0-1,A0-1,A0-1,A0-1,A0-1,A0-1,A0-1,A0-1,A0-1,A0-1,A0-1,A0-1,A0-1,A0-1,A0-1,A0-1,A0-1,A0-1,A0-1,A0-1,A0-1,A0-1,A0-1,A0-1,A0-1,A0-1,A0-1,A0-1,A0-1,A0-1,A0-1,A0-1,A0-1,A0-1,A0-1,A0-1,A0-1,A0-3,A0-3,A0-3,A0-3,A0-3,A0-3,A0-3,A0-3,A0-3,A0-3,A0-3,A0-3,A0-3,A0-3,A0-3,A0-3,A0-3,A0-3,A0-3,A0-3,A0-3,A0-3,A0-3,A0-3,A0-3,A0-3,A0-8,A0-8,A0-8,A0-8,A0-8,A0-8,A0-8,A0-8,A0-8,A0-8,A0-8,A0-8,A,A,A,A,A,A,A,A,A-C,A-C,A-C,A-C,A-L
L15,L15,L15,L15,L15,L15,L15,L15,L15,L15,L15,L15,L15,L15,L15,L15,L15,L15,L15,L15,L15,L15,L15,L15,L15,L15,L15,L15,L15,L15,L15,L15,L15,L15,L15,L15,L15,L15,L15,L15,L15,L15,L15,L15,L15,L15,L15,L15,L15,L15,L15,L15,L15,L15,L15,L15,L15,L15,L15,L15,L15,L15,L15,L15,L15,L15,L15,L15,L15,L15,L15,L15,L15,L15,L15,L15,L15,L15,L15,L15-17,L15-17,L15-17,L15-17,L15-17,L15-17,L15-17,L15-17,L15-17,L15-17,L15-17,L15-17,L15-17,L15-17,L15-17,L15-17,L15-17,L15-17,L15-17,L15-17,L15-17,L15-17,L15-17,L15-17,L15-17,L15-17,L15-17,L15-17,L15-17,L15-17,L15-17,L15-17,L15-17,L15-17,L13-17,L13-17,L13-17,L13-17,L13-17,L13-17,L13-17,L13-17,L13-17,L13-17,L13-17,L13-17,L13-17,L13-17,L13-17,L13-17,L13-17,L13-17,L13-17,L13-17,L13-17,L13-17,L13-17,L13-17,L13-17,L13-17,L13-17,L13-17,L13-17,L13-17,L13-17,L13-17,L13-17,L13-17,L13-17,L13-17,L13-17,L13-17,L13-17,L13-17,L13-17,L13-17,L13-17,L13-17,L13-17,L13-17,L13-17,L13-17,L13-17,L13-17,L13-17,L13-17,L13-17,L13-17,L13-17,L13-17,L13-17,L13-17,L13-17,L13-17,L13-17,L13-19,L13-19,L13-19,L13-19,L13-19,L13-19,L13-19,L13-19,L13-19,L13-19,L,L,L,L,L,L,L,L,K-L,K-L,J-L,J-L,I-L,G-L,D-L,A-L
G1,G1,G1,G1,G1,G1,G1,G1,G1,G1,G1,G1,G1,G1,G1,G1,G1,G1,G1,G1,G1,G1,G1,G1,G1,G1,G1,G1,G1,G1,G1,G1,G1,G1,G1,G1,G1,G1,G1,G1,G1,G1,G1,G1,G1,G1,G1,G1,G1,G1,G1,G1,G1,G1,G1,G1,G1,G1,G1,G1,G1,G1,G1,G1,G1,G1,G1,G1,G1,G1,G1,G1,G1,G1,G1,G1,G1,G1,G1,G1,G1,G1,G0-1,G0-1,G0-1,G0-1,G0-1,G0-1,G0-1,G0-1,G0-1,G0-1,G0-1,G0-1,G0-1,G0-1,G0-1,G0-1,G0-1,G0-1,G0-1,G0-1,G0-1,G0-1,G0-1,G0-1,G0-1,G0-1,G0-1,G0-1,G0-1,G0-1,G0-1,G0-1,G0-1,G0-1,G0-1,G0-1,G0-1,G0-1,G0-1,G0-1,G0-1,G0-1,G0-1,G0-1,G0-1,G0-1,G0-1,G0-1,G0-1,G0-1,G0-1,G0-1,G0-1,G0-1,G0-1,G0-1,G0-1,G0-1,G0-1,G0-3,G0-3,G0-3,G0-3,G0-3,G0-3,G0-3,G0-3,G0-3,G0-3,G0-3,G0-3,G0-3,G0-3,G0-3,G0-3,G0-3,G0-3,G0-3,G0-3,G0-3,G0-3,G0-3,G0-3,G0-3,G0-3,G0-3,G0-3,G0-3,G0-3,G,G,G,G,G,G,G,G,G,G,G,G,G,G,G,G,G,G,G,G,G-H,G-H,G-H,G-H,G-H,G-H,G-L,D-L,A-L
B15,B15,B15,B15,B15,B15,B15,B15,B15,B15,B15,B15,B15,B15,B15,B15,B15,B15,B15,B15,B15,B15,B15,B15,B15,B15,B15,B15,B15,B15,B15,B15,B15,B15,B15,B15,B15,B15,B15,B15,B15,B15,B15,B15,B15,B15,B15,B15,B15,B15,B15,B15,B15,B15,B15,B15,B15,B15,B15,B15,B15,B15,B15,B15,B15,B15,B15,B15,B15,B15,B15,B15,B15,B15,B15,B15,B15,B15,B15,B15,B15,B15,B15,B15,B15,B15,B15,B15,B15,B15,B15,B15,B15,B15,B15,B15,B15,B15-17,B15-17,B15-17,B15-17,B15-17,B15-17,B15-17,B15-17,B15-17,B15-17,B15-17,B15-17,B15-17,B15-17,B15-17,B15-17,B15-17,B15-17,B15-17,B15-17,B15-17,B15-17,B15-17,B15-17,B15-17,B15-17,B15-17,B15-17,B15-17,B15-17,B15-17,B15-17,B15-17,B15-17,B15-17,B15-17,B15-17,B15-17,B15-17,B15-17,B15-17,B15-17,B15-17,B15-17,B15-17,B15-17,B15-17,B15-17,B15-20,B15-20,B15-20,B15-20,B15-20,B15-20,B15-20,B15-20,B15-20,B15-20,B15-20,B15-20,B15-20,B15-20,B15-20,B15-20,B15-20,B15-20,B15-20,B15-20,B15-20,B15-20,B15-20,B15-20,B15-20,B15-20,B15-20,B15-20,B15-20,B15-20,B15-20,B15-20,B15-20,B15-20,B15-20,B15-20,B15-30,B15-30,B15-30,B15-30,B15-30,B,B,B,B,B-C,B-C,B-C,B-C,B-C,A-C,A-C,A-C,A-C,A-L
B8,B8,B8,B8,B8,B8,B8,B8,B8,B8,B8,B8,B8,B8,B8,B8,B8,B8,B8,B8,B8,B8,B8,B8,B8,B8,B8,B8,B8,B8,B8,B8,B8,B7-8,B7-8,B7-8,B7-8,B7-8,B7-8,B7-8,B7-8,B7-8,B7-8,B7-8,B7-8,B7-8,B7-8,B7-8,B7-8,B6-8,B6-8,B6-8,B6-8,B6-8,B6-8,B6-8,B6-8,B6-8,B6-8,B6-8,B6-8,B6-8,B6-8,B6-8,B6-8,B6-8,B6-8,B6-8,B6-8,B6-8,B6-8,B6-8,B6-8,B6-8,B6-8,B6-8,B6-8,B6-8,B6-8,B6-8,B6-8,B6-8,B6-8,B6-8,B6-8,B6-8,B6-8,B6-8,B6-8,B6-8,B6-8,B6-8,B6-8,B6-8,B6-8,B6-8,B6-8,B6-8,B6-8,B6-8,B6-8,B6-8,B6-8,B6-8,B6-8,B5-8,B5-8,B5-8,B5-8,B5-8,B5-8,B5-8,B5-8,B5-8,B5-8,B5-8,B5-8,B5-8,B5-8,B5-8,B5-8,B5-8,B5-8,B5-8,B5-8,B5-8,B5-8,B5-8,B5-8,B5-8,B5-8,B5-8,B5-8,B5-8,B5-8,B5-8,B5-8,B5-8,B5-8,B5-8,B5-8,B5-8,B5-8,B5-8,B5-8,B5-8,B5-14,B5-14,B5-14,B5-14,B5-14,B5-14,B5-14,B5-14,B5-14,B5-14,B5-14,B5-14,B5-14,B5-14,B5-14,B5-14,B5-14,B5-14,B5-14,B5-14,B5-14,B5-14,B5-14,B0-14,B0-14,B0-14,B0-14,B0-14,B0-14,B0-14,B0-14,B0-14,B0-14,B0-14,B0-14,B0-14,B0-14,B0-14,B0-14,B0-14,B,B,B,B,B-C,B-C,B-C,B-C,B-C,A-C,A-C,A-C,A-C,A-L
K8,K8,K8,K8,K8,K8,K8,K8,K8,K8,K8,K8,K8,K8,K8,K8,K8,K8,K8,K8,K8,K8,K8,K8,K8,K8,K8,K8,K8,K8,K8,K8,K8,K8,K8,K8,K8,K8,K8,K8,K8,K8,K8,K8,K8,K8,K8,K8,K8,K8,K8,K8,K8,K8,K8,K8,K8,K8,K8,K8,K8,K8,K8,K8,K8,K8,K8,K8,K8-10,K8-10,K8-10,K8-10,K8-10,K8-10,K8-10,K8-10,K8-10,K8-10,K8-10,K8-10,K8-10,K8-10,K8-10,K8-10,K8-10,K8-10,K8-10,K8-10,K8-10,K8-10,K8-10,K8-10,K8-10,K8-10,K8-10,K8-10,K8-10,K8-10,K8-10,K8-10,K8-10,K8-10,K8-10,K8-10,K8-10,K8-10,K8-10,K8-10,K8-10,K8-10,K8-10,K8-10,K8-10,K8-10,K8-10,K8-10,K8-10,K8-10,K8-10,K6-10,K6-10,K6-10,K6-10,K6-10,K6-10,K6-10,K6-10,K6-10,K6-10,K6-10,K6-10,K6-10,K6-10,K6-10,K6-10,K6-10,K6-10,K6-10,K6-10,K6-10,K6-10,K6-10,K6-10,K6-10,K6-10,K6-10,K6-10,K6-10,K6-10,K6-10,K6-10,K6-10,K6-10,K6-10,K6-10,K6-10,K6-10,K6-10,K6-10,K6-10,K6-10,K6-10,K6-10,K6-10,K6-10,K6-10,K6-10,K6-10,K6-10,K6-10,K6-10,K6-10,K6-10,K6-16,K6-16,K6-16,K6-16,K6-16,K6-16,K,K,K,K,K,K,K,K,K,K,K,K,K,K-L,K-L,J-L,J-L,I-L,G-L,D-L,A-L
F6,F6,F6,F6,F6,F6,F6,F6,F6,F6,F6,F6,F6,F6,F6,F6,F6,F6,F6,F6,F6,F6,F6,F6,F6-7,F6-7,F6-7,F6-7,F6-7,F6-7,F6-7,F6-7,F6-7,F6-7,F6-7,F6-7,F6-7,F6-7,F6-7,F6-7,F6-7,F6-7,F6-7,F6-7,F6-7,F6-7,F6-7,F6-7,F6-7,F6-7,F6-7,F6-7,F6-7,F6-7,F6-7,F6-7,F6-7,F4-7,F4-7,F4-7,F4-7,F4-7,F4-7,F4-7,F4-7,F4-7,F4-7,F4-7,F4-7,F4-7,F4-7,F4-7,F4-7,F4-7,F4-7,F4-7,F4-7,F4-7,F4-7,F4-7,F4-7,F4-7,F4-7,F4-7,F4-7,F4-7,F4-7,F4-7,F4-7,F4-7,F3-7,F3-7,F3-7,F3-7,F3-7,F3-7,F3-7,F3-7,F3-7,F3-7,F3-7,F3-7,F3-7,F3-7,F3-7,F3-7,F3-7,F3-7,F3-7,F3-7,F3-7,F3-7,F3-7,F3-7,F3-7,F3-7,F3-7,F3-7,F3-7,F3-7,F3-7,F3-7,F3-7,F3-7,F3-7,F3-7,F3-7,F3-7,F3-7,F3-7,F3-7,F3-7,F3-7,F3-7,F3-7,F3-7,F3-7,F3-7,F3-7,F3-7,F3-7,F3-7,F3-7,F3-7,F3-7,F3-7,F3-7,F3-7,F3-7,F3-7,F3-7,F3-7,F3-7,F3-7,F3-7,F3-7,F3-7,F3-7,F3-7,F3-7,F3-7,F3-7,F3-7,F3-7,F3-7,F3-7,F3-7,F3-7,F3-11,F3-11,F3-11,F3-11,F3-11,F3-11,F3-11,F3-11,F3-11,F3-11,F3-11,F3-11,F,F,F,F,F,F,F,F,F,E-F,E-F,E-F,E-F,D-F,D-F,D-F,D-F,D-F,D-L,A-L
C5,C5,C5,C5,C5,C5,C5,C5,C5,C5,C5,C5,C5,C5,C5,C5,C5,C5,C5,C5,C5,C5,C5,C5,C5,C5,C5,C5,C5,C5,C5,C5,C5,C5,C5,C5,C5,C5,C5,C5,C5,C5,C5,C5,C5,C5,C5,C5,C5,C5,C5,C5,C5,C5,C5,C5,C5,C5,C5,C5,C5,C5,C5,C5,C5,C5,C5,C5,C5,C5,C5,C5,C5,C5,C5,C5,C5,C5,C5,C5,C5,C5,C5,C5,C5,C5,C5,C5,C5,C5,C5,C5,C5,C5,C5,C5,C5,C5,C5,C5,C5,C5,C5,C5,C5,C5,C5,C5,C5,C5,C5,C5,C5,C5,C5,C5,C5,C5,C5,C5,C5,C5,C5,C5,C5,C5,C5,C5,C5,C5,C5,C5,C5,C5,C5-6,C5-6,C5-6,C5-6,C5-6,C5-6,C5-6,C5-6,C5-6,C5-6,C5-6,C5-6,C5-6,C5-6,C5-6,C5-6,C5-6,C5-6,C5-6,C5-6,C5-6,C5-6,C5-6,C5-6,C5-6,C5-6,C5-6,C5-6,C5-6,C5-6,C5-12,C5-12,C5-12,C5-12,C5-12,C5-12,C5-12,C5-12,C5-12,C5-12,C5-12,C5-12,C5-12,C5-12,C5-12,C5-12,C5-12,C5-12,C5-12,C5-12,C5-12,C5-12,C5-12,C5-12,C,C,B-C,B-C,B-C,B-C,B-C,A-C,A-C,A-C,A-C,A-L
L10,L10,L10,L10,L10,L10,L10,L10,L10,L10,L10,L10,L10,L10,L10,L10,L10,L10,L10,L10,L10,L10,L10,L10,L10,L10,L10,L10,L10,L10,L10,L10,L10,L10,L10,L10,L10,L10,L10,L10,L10,L10,L10,L10,L10,L10,L10,L10,L10,L10,L10,L10,L10,L10,L10,L10,L10,L10,L10,L10,L10,L10,L10,L10,L10,L10,L10,L10,L10,L10,L10,L10,L10,L10,L10,L10-12,L10-12,L10-12,L10-12,L10-12,L10-12,L10-12,L10-12,L10-12,L10-12,L10-12,L10-12,L10-12,L10-12,L10-12,L10-12,L10-12,L10-12,L10-12,L10-12,L10-12,L10-12,L10-12,L10-12,L10-12,L10-12,L10-12,L10-12,L10-12,L10-12,L10-12,L10-12,L10-12,L7-12,L7-12,L7-12,L7-12,L7-12,L7-12,L7-12,L7-12,L7-12,L7-12,L7-12,L7-12,L7-12,L7-12,L7-12,L7-12,L7-12,L7-12,L7-12,L7-12,L7-12,L7-12,L7-12,L7-12,L7-12,L7-12,L7-12,L7-12,L7-12,L7-12,L7-12,L7-12,L7-12,L7-12,L7-12,L7-12,L7-12,L7-12,L7-12,L7-12,L7-12,L7-12,L7-12,L7-12,L7-12,L7-12,L7-12,L7-12,L7-12,L7-12,L3-12,L3-12,L3-12,L3-12,L3-12,L3-12,L3-12,L3-12,L3-12,L3-12,L3-12,L3-12,L3-12,L3-12,L0-12,L0-12,L0-12,L0-12,L0-12,L0-12,L0-12,L0-12,L0-12,L0-12,L0-12,L0-12,L,L,L,L,L,L,L,L,K-L,K-L,J-L,J-L,I-L,G-L,D-L,A-L
I3,I3,I3,I3,I3,I3,I3,I3,I3,I3,I3,I3,I3,I3,I3,I3,I3,I3,I3,I3,I3,I3,I3,I3,I3,I3,I3,I3,I3,I3,I3,I3,I3,I3,I3,I3,I3,I3,I3,I3,I3,I3,I3,I3,I3,I3,I3,I3,I3,I3,I3,I3,I3,I3,I3,I3,I3,I3,I3,I3,I3,I3,I3,I3,I3,I3,I3,I3,I3,I3,I3,I3,I3,I3,I3,I3,I3,I3,I3,I3,I3,I3,I3,I3,I3,I3,I3,I3,I3-5,I3-5,I3-5,I3-5,I3-5,I3-5,I3-5,I3-5,I3-5,I3-5,I3-5,I3-5,I3-5,I3-5,I3-5,I3-5,I3-5,I3-5,I3-5,I3-5,I3-5,I3-5,I3-5,I3-5,I3-5,I3-5,I3-5,I3-5,I3-5,I3-5,I3-5,I3-5,I3-5,I3-5,I3-5,I3-5,I3-5,I3-5,I3-5,I3-5,I3-5,I3-5,I3-5,I3-5,I3-5,I3-5,I3-5,I3-5,I3-5,I3-5,I3-5,I3-5,I3-5,I3-5,I3-5,I3-5,I3-5,I3-5,I3-5,I3-5,I3-5,I3-5,I3-5,I3-5,I3-5,I3-5,I3-5,I3-5,I3-5,I3-5,I3-5,I3-5,I3-5,I0-5,I0-5,I0-5,I0-5,I0-5,I0-5,I0-5,I0-5,I0-5,I0-5,I0-5,I0-5,I0-5,I0-5,I0-5,I0-5,I0-5,I0-5,I0-5,I0-5,I0-5,I,I,I,I,I,I,I,I,I,I,I,I,I,I,I-L,G-L,D-L,A-L
C11,C11,C11,C11,C11,C11,C11,C11,C11,C11,C11,C11,C11,C11,C11,C11,C11,C11,C11,C11,C11,C11,C11,C11,C11,C11,C11,C11,C11,C11,C11,C11,C11,C11,C11,C11,C11,C11,C11,C11,C11,C11,C11,C11,C11,C11,C11,C11,C11,C11,C11,C11,C11,C11,C11,C11,C11,C11,C11,C11,C11,C11,C11,C11,C11,C11,C11,C11,C11,C11,C11,C11,C11,C11,C11,C11,C11,C11,C11,C11,C11,C11,C11,C11,C11,C11,C11,C11,C11,C11,C11,C11,C11,C11,C11,C11,C11,C11,C11,C11,C11,C11,C11,C11,C11,C11,C11,C11,C11,C11,C11,C11,C11-12,C11-12,C11-12,C11-12,C11-12,C11-12,C11-12,C11-12,C11-12,C11-12,C11-12,C11-12,C11-12,C11-12,C11-12,C11-12,C11-12,C11-12,C10-12,C10-12,C10-12,C10-12,C10-12,C10-12,C10-12,C10-12,C10-12,C10-12,C10-12,C10-12,C10-12,C10-12,C10-12,C10-12,C10-12,C10-12,C10-12,C10-12,C10-12,C10-12,C10-12,C10-12,C10-12,C10-12,C10-12,C7-12,C7-12,C7-12,C7-12,C7-12,C7-12,C7-12,C5-12,C5-12,C5-12,C5-12,C5-12,C5-12,C5-12,C5-12,C5-12,C5-12,C5-12,C5-12,C5-12,C5-12,C5-12,C5-12,C5-12,C5-12,C5-12,C5-12,C5-12,C5-12,C5-12,C5-12,C,C,B-C,B-C,B-C,B-C,B-C,A-C,A-C,A-C,A-C,A-L
C9,C9,C9,C9,C9,C9,C9,C9,C9,C9,C9,C9,C9,C9,C9,C9,C9,C9,C9,C9,C9,C9,C9,C9,C9,C9,C9,C9,C9,C9,C9,C9,C9,C9,C9,C9,C9,C9,C9,C9,C9,C9,C9,C9,C9,C9,C9,C9,C9,C9,C9,C9,C9,C9,C9,C9,C9,C9,C9,C9,C9,C9,C9,C9,C9,C9,C9,C9,C9,C9,C9,C9,C9,C8-9,C8-9,C8-9,C8-9,C8-9,C8-9,C8-9,C8-9,C8-9,C8-9,C8-9,C8-9,C8-9,C8-9,C8-9,C8-9,C8-9,C8-9,C8-9,C8-9,C8-9,C8-9,C8-9,C8-9,C8-9,C8-9,C8-9,C8-9,C8-9,C8-9,C8-9,C8-9,C8-9,C8-9,C8-9,C8-9,C8-9,C8-9,C8-9,C8-9,C8-9,C8-9,C7-9,C7-9,C7-9,C7-9,C7-9,C7-9,C7-9,C7-9,C7-9,C7-9,C7-9,C7-9,C7-9,C7-9,C7-9,C7-9,C7-9,C7-9,C7-9,C7-9,C7-9,C7-9,C7-9,C7-9,C7-9,C7-9,C7-9,C7-9,C7-9,C7-9,C7-9,C7-9,C7-9,C7-9,C7-9,C7-9,C7-9,C7-9,C7-9,C7-9,C7-9,C7-9,C7-12,C7-12,C7-12,C7-12,C7-12,C7-12,C7-12,C5-12,C5-12,C5-12,C5-12,C5-12,C5-12,C5-12,C5-12,C5-12,C5-12,C5-12,C5-12,C5-12,C5-12,C5-12,C5-12,C5-12,C5-12,C5-12,C5-12,C5-12,C5-12,C5-12,C5-12,C,C,B-C,B-C,B-C,B-C,B-C,A-C,A-C,A-C,A-C,A-L
D3,D3,D3,D3,D3,D3,D3,D3,D3,D3,D3,D3,D3,D3,D3,D3,D3,D3,D3,D3,D3,D3,D3,D3-4,D3-4,D3-4,D3-4,D3-4,D3-4,D3-4,D3-4,D3-4,D3-4,D3-4,D3-4,D3-4,D3-4,D3-4,D3-4,D3-4,D3-4,D3-4,D3-4,D3-4,D3-4,D3-4,D3-4,D3-4,D3-4,D3-4,D3-4,D3-4,D3-4,D3-4,D3-4,D3-4,D3-4,D3-4,D3-4,D3-4,D3-4,D3-4,D3-4,D3-4,D3-4,D3-4,D3-4,D3-4,D3-4,D3-4,D3-4,D3-4,D3-4,D3-4,D3-4,D3-4,D3-4,D3-4,D2-4,D2-4,D2-4,D2-4,D2-4,D2-4,D2-4,D2-4,D2-4,D2-4,D2-4,D2-4,D2-4,D2-4,D2-4,D2-4,D2-4,D2-4,D2-4,D2-4,D2-4,D2-4,D2-4,D2-4,D2-4,D2-4,D2-4,D2-4,D2-4,D2-4,D2-4,D2-4,D2-4,D2-4,D2-4,D2-4,D2-4,D2-4,D2-4,D2-4,D2-4,D2-4,D2-4,D2-4,D2-4,D2-4,D2-4,D2-4,D2-4,D2-4,D2-7,D2-7,D2-7,D2-7,D2-7,D2-7,D2-7,D2-7,D2-7,D2-7,D2-7,D2-7,D2-7,D2-7,D2-7,D2-7,D2-7,D2-7,D2-7,D2-7,D2-7,D2-7,D2-7,D2-7,D2-7,D2-7,D2-7,D2-7,D2-7,D2-7,D2-7,D2-7,D2-7,D2-7,D0-7,D0-7,D0-7,D0-7,D0-7,D0-7,D0-7,D0-7,D0-7,D0-7,D0-7,D0-7,D0-7,D0-7,D0-7,D0-7,D0-7,D0-7,D0-7,D0-7,D0-7,D,D,D,D,D,D,D,D,D,D,D-F,D-F,D-F,D-F,D-F,D-L,A-L
J18,J18,J18,J18,J18,J18,J18,J18-19,J18-19,J18-19,J18-19,J18-19,J18-19,J18-19,J18-19,J18-19,J17-19,J17-19,J17-19,J17-19,J17-19,J17-19,J17-19,J17-19,J17-19,J17-19,J17-19,J17-19,J17-19,J17-19,J17-19,J17-19,J17-19,J17-19,J17-19,J17-19,J17-19,J17-19,J17-19,J17-19,J17-19,J17-19,J17-19,J17-19,J17-19,J17-19,J17-19,J17-19,J17-19,J17-19,J17-19,J17-19,J17-19,J17-19,J17-19,J17-19,J17-19,J17-19,J17-19,J17-19,J17-19,J17-19,J17-19,J17-19,J17-19,J17-19,J17-19,J17-19,J17-19,J17-19,J17-19,J17-19,J17-19,J17-19,J17-19,J17-19,J17-19,J17-19,J17-19,J17-19,J17-19,J17-19,J17-19,J17-19,J17-19,J17-19,J17-19,J17-19,J17-19,J17-19,J17-19,J17-19,J17-19,J17-19,J17-19,J17-19,J17-19,J17-19,J17-19,J17-19,J17-19,J17-19,J17-19,J17-19,J17-19,J17-19,J17-19,J17-19,J17-19,J17-19,J17-19,J17-19,J17-19,J17-19,J17-19,J17-19,J17-19,J17-19,J17-19,J17-19,J17-19,J17-19,J17-19,J17-19,J17-19,J17-19,J17-19,J17-19,J17-19,J17-19,J17-19,J17-19,J17-19,J17-19,J17-19,J17-19,J17-19,J17-19,J17-19,J17-19,J17-19,J17-19,J17-19,J17-19,J17-26,J17-26,J17-26,J17-26,J17-26,J17-26,J17-26,J17-26,J17-26,J17-26,J17-26,J17-26,J17-26,J17-26,J17-26,J17-26,J17-26,J17-26,J17-26,J17-26,J17-26,J17-26,J17-26,J17-26,J17-26,J17-26,J17-26,J17-26,J17-26,J17-26,J17-26,J17-26,J11-26,J11-26,J11-26,J11-26,J11-26,J11-26,J11-26,J11-26,J11-26,J,J,J,J,J,J,J,J,J,J-L,J-L,I-L,G-L,D-L,A-L
J25,J25,J25,J25,J25-26,J25-26,J25-26,J25-26,J25-26,J24-26,J24-26,J24-26,J24-26,J24-26,J24-26,J24-26,J24-26,J24-26,J24-26,J24-26,J24-26,J24-26,J24-26,J24-26,J24-26,J24-26,J24-26,J24-26,J24-26,J24-26,J24-26,J24-26,J24-26,J24-26,J24-26,J24-26,J24-26,J24-26,J24-26,J24-26,J24-26,J24-26,J24-26,J24-26,J24-26,J24-26,J24-26,J24-26,J24-26,J24-26,J24-26,J24-26,J24-26,J24-26,J24-26,J24-26,J24-26,J24-26,J24-26,J23-26,J23-26,J23-26,J23-26,J23-26,J23-26,J23-26,J23-26,J23-26,J23-26,J23-26,J23-26,J23-26,J23-26,J23-26,J23-26,J23-26,J23-26,J23-26,J23-26,J23-26,J23-26,J23-26,J23-26,J23-26,J23-26,J23-26,J23-26,J23-26,J23-26,J23-26,J23-26,J20-26,J20-26,J20-26,J20-26,J20-26,J20-26,J20-26,J20-26,J20-26,J20-26,J20-26,J20-26,J20-26,J20-26,J20-26,J20-26,J20-26,J20-26,J20-26,J20-26,J20-26,J20-26,J20-26,J20-26,J20-26,J20-26,J20-26,J20-26,J20-26,J20-26,J20-26,J20-26,J20-26,J20-26,J20-26,J20-26,J20-26,J20-26,J20-26,J20-26,J20-26,J20-26,J20-26,J20-26,J20-26,J20-26,J20-26,J20-26,J20-26,J20-26,J20-26,J20-26,J20-26,J17-26,J17-26,J17-26,J17-26,J17-26,J17-26,J17-26,J17-26,J17-26,J17-26,J17-26,J17-26,J17-26,J17-26,J17-26,J17-26,J17-26,J17-26,J17-26,J17-26,J17-26,J17-26,J17-26,J17-26,J17-26,J17-26,J17-26,J17-26,J17-26,J17-26,J17-26,J17-26,J11-26,J11-26,J11-26,J11-26,J11-26,J11-26,J11-26,J11-26,J11-26,J,J,J,J,J,J,J,J,J,J-L,J-L,I-L,G-L,D-L,A-L
J0,J0,J0,J0,J0,J0,J0,J0,J0,J0,J0,J0,J0,J0,J0,J0,J0,J0,J0,J0,J0,J0,J0,J0,J0,J0,J0,J0,J0,J0,J0,J0,J0,J0,J0,J0,J0,J0,J0,J0,J0,J0,J0,J0,J0,J0,J0,J0,J0,J0,J0,J0,J0,J0,J0,J0,J0,J0,J0,J0,J0,J0,J0,J0,J0,J0,J0,J0,J0,J0,J0,J0,J0,J0,J0,J0,J0,J0,J0,J0,J0,J0,J0,J0,J0,J0,J0,J0,J0,J0,J0,J0,J0,J0,J0,J0,J0,J0,J0,J0,J0,J0,J0,J0,J0,J0,J0,J0,J0,J0,J0,J0,J0,J0,J0,J0,J0,J0,J0,J0,J0,J0,J0,J0,J0,J0,J0,J0,J0,J0,J0,J0,J0,J0,J0,J0,J0,J0,J0,J0,J0,J0,J0,J0,J0,J0,J0,J0,J0,J0,J0,J0,J0,J0,J0,J0,J0-10,J0-10,J0-10,J0-10,J0-10,J0-10,J0-10,J0-10,J0-10,J0-10,J0-10,J0-10,J0-10,J0-10,J0-10,J0-10,J0-10,J0-10,J0-10,J0-10,J0-10,J0-10,J0-10,J0-10,J0-10,J0-10,J0-10,J0-10,J0-10,J,J,J,J,J,J,J,J,J,J-L,J-L,I-L,G-L,D-L,A-L
A12,A12,A12,A12,A12,A12,A12,A12,A12,A12,A12,A12,A12,A12,A12,A12,A12,A12,A12,A12,A12,A12,A12,A12,A12,A12,A12,A12,A12,A12,A12,A12,A12,A12,A12,A12,A12,A12,A12,A12,A12,A12,A12,A12,A12,A12,A12,A12,A12,A12,A12,A12,A11-12,A11-12,A11-12,A11-12,A11-12,A11-12,A11-12,A11-12,A11-12,A11-12,A11-12,A11-12,A11-12,A11-12,A11-12,A11-12,A11-12,A11-12,A11-12,A11-12,A11-12,A11-12,A11-12,A11-12,A11-12,A11-12,A11-12,A11-12,A11-12,A11-12,A11-12,A11-12,A11-12,A11-12,A11-12,A11-12,A11-12,A11-12,A11-12,A11-12,A11-12,A11-12,A11-12,A11-12,A9-12,A9-12,A9-12,A9-12,A9-12,A9-12,A9-12,A9-12,A9-12,A9-12,A9-12,A9-12,A9-12,A9-12,A9-12,A9-12,A9-12,A9-12,A9-12,A9-12,A9-12,A9-12,A9-12,A9-12,A9-12,A9-12,A9-12,A9-12,A9-12,A9-12,A9-12,A9-12,A9-12,A9-12,A9-12,A9-12,A9-12,A9-12,A9-12,A9-12,A9-12,A9-12,A9-12,A9-12,A9-12,A9-12,A9-12,A9-12,A9-12,A9-12,A9-12,A9-12,A9-12,A9-12,A9-12,A9-12,A9-12,A9-12,A9-12,A9-12,A9-12,A9-12,A9-12,A9-12,A9-12,A9-12,A9-12,A9-12,A9-12,A9-12,A9-12,A9-12,A9-12,A9-12,A9-12,A9-12,A9-12,A9-12,A9-12,A9-12,A9-12,A9-18,A9-18,A9-18,A9-18,A9-18,A9-18,A9-18,A9-18,A9-18,A9-18,A,A,A,A,A,A,A,A,A-C,A-C,A-C,A-C,A-L
L4,L4,L4,L4,L4,L4,L4,L4,L4,L4,L4,L4,L4,L4,L4,L4,L4,L4,L4,L4,L4,L4,L4,L4,L4,L4,L4,L4,L4,L4,L4,L4,L4,L4,L4,L4,L4,L4,L4,L4-6,L4-6,L4-6,L4-6,L4-6,L4-6,L4-6,L4-6,L4-6,L4-6,L4-6,L4-6,L4-6,L4-6,L4-6,L4-6,L4-6,L4-6,L4-6,L4-6,L4-6,L4-6,L4-6,L4-6,L4-6,L4-6,L4-6,L4-6,L3-6,L3-6,L3-6,L3-6,L3-6,L3-6,L3-6,L3-6,L3-6,L3-6,L3-6,L3-6,L3-6,L3-6,L3-6,L3-6,L3-6,L3-6,L3-6,L3-6,L3-6,L3-6,L3-6,L3-6,L3-6,L3-6,L3-6,L3-6,L3-6,L3-6,L3-6,L3-6,L3-6,L3-6,L3-6,L3-6,L3-6,L3-6,L3-6,L3-6,L3-6,L3-6,L3-6,L3-6,L3-6,L3-6,L3-6,L3-6,L3-6,L3-6,L3-6,L3-6,L3-6,L3-6,L3-6,L3-6,L3-6,L3-6,L3-6,L3-6,L3-6,L3-6,L3-6,L3-6,L3-6,L3-6,L3-6,L3-6,L3-6,L3-6,L3-6,L3-6,L3-6,L3-6,L3-6,L3-6,L3-6,L3-6,L3-6,L3-6,L3-6,L3-6,L3-6,L3-6,L3-6,L3-6,L3-6,L3-6,L3-6,L3-6,L3-6,L3-12,L3-12,L3-12,L3-12,L3-12,L3-12,L3-12,L3-12,L3-12,L3-12,L3-12,L3-12,L3-12,L3-12,L0-12,L0-12,L0-12,L0-12,L0-12,L0-12,L0-12,L0-12,L0-12,L0-12,L0-12,L0-12,L,L,L,L,L,L,L,L,K-L,K-L,J-L,J-L,I-L,G-L,D-L,A-L
L11,L11,L11,L11,L11,L11,L11,L11,L11,L11,L11,L11,L11,L11,L11,L11,L11,L11,L11,L11,L11,L11,L11,L11,L11,L11,L11,L11-12,L11-12,L11-12,L11-12,L11-12,L11-12,L11-12,L11-12,L11-12,L11-12,L11-12,L11-12,L11-12,L11-12,L11-12,L11-12,L11-12,L11-12,L11-12,L11-12,L11-12,L11-12,L11-12,L11-12,L11-12,L11-12,L11-12,L11-12,L11-12,L11-12,L11-12,L11-12,L11-12,L11-12,L11-12,L11-12,L11-12,L11-12,L11-12,L11-12,L11-12,L11-12,L11-12,L11-12,L11-12,L11-12,L11-12,L11-12,L10-12,L10-12,L10-12,L10-12,L10-12,L10-12,L10-12,L10-12,L10-12,L10-12,L10-12,L10-12,L10-12,L10-12,L10-12,L10-12,L10-12,L10-12,L10-12,L10-12,L10-12,L10-12,L10-12,L10-12,L10-12,L10-12,L10-12,L10-12,L10-12,L10-12,L10-12,L10-12,L10-12,L7-12,L7-12,L7-12,L7-12,L7-12,L7-12,L7-12,L7-12,L7-12,L7-12,L7-12,L7-12,L7-12,L7-12,L7-12,L7-12,L7-12,L7-12,L7-12,L7-12,L7-12,L7-12,L7-12,L7-12,L7-12,L7-12,L7-12,L7-12,L7-12,L7-12,L7-12,L7-12,L7-12,L7-12,L7-12,L7-12,L7-12,L7-12,L7-12,L7-12,L7-12,L7-12,L7-12,L7-12,L7-12,L7-12,L7-12,L7-12,L7-12,L7-12,L3-12,L3-12,L3-12,L3-12,L3-12,L3-12,L3-12,L3-12,L3-12,L3-12,L3-12,L3-12,L3-12,L3-12,L0-12,L0-12,L0-12,L0-12,L0-12,L0-12,L0-12,L0-12,L0-12,L0-12,L0-12,L0-12,L,L,L,L,L,L,L,L,K-L,K-L,J-L,J-L,I-L,G-L,D-L,A-L
K7,K7,K7,K7,K7,K7,K7,K7,K7,K7,K7,K7,K7,K7,K7,K7,K7,K7,K7,K7,K7,K7,K7,K7,K7,K7,K7,K7,K7,K7,K7,K7,K7,K7,K7,K7,K7,K7,K7,K7,K7,K7,K7,K7,K7,K7,K7,K7,K7,K7,K7,K7,K7,K7,K7,K7,K7,K7,K7,K7,K6-7,K6-7,K6-7,K6-7,K6-7,K6-7,K6-7,K6-7,K6-7,K6-7,K6-7,K6-7,K6-7,K6-7,K6-7,K6-7,K6-7,K6-7,K6-7,K6-7,K6-7,K6-7,K6-7,K6-7,K6-7,K6-7,K6-7,K6-7,K6-7,K6-7,K6-7,K6-7,K6-7,K6-7,K6-7,K6-7,K6-7,K6-7,K6-7,K6-7,K6-7,K6-7,K6-7,K6-7,K6-7,K6-7,K6-7,K6-7,K6-7,K6-7,K6-7,K6-7,K6-7,K6-7,K6-7,K6-7,K6-7,K6-7,K6-7,K6-10,K6-10,K6-10,K6-10,K6-10,K6-10,K6-10,K6-10,K6-10,K6-10,K6-10,K6-10,K6-10,K6-10,K6-10,K6-10,K6-10,K6-10,K6-10,K6-10,K6-10,K6-10,K6-10,K6-10,K6-10,K6-10,K6-10,K6-10,K6-10,K6-10,K6-10,K6-10,K6-10,K6-10,K6-10,K6-10,K6-10,K6-10,K6-10,K6-10,K6-10,K6-10,K6-10,K6-10,K6-10,K6-10,K6-10,K6-10,K6-10,K6-10,K6-10,K6-10,K6-10,K6-10,K6-16,K6-16,K6-16,K6-16,K6-16,K6-16,K,K,K,K,K,K,K,K,K,K,K,K,K,K-L,K-L,J-L,J-L,I-L,G-L,D-L,A-L
B13,B13,B13,B13,B13,B13,B13,B13,B13,B13,B13,B13,B13,B13,B13,B13,B13,B13,B13,B13,B13,B13,B13,B13,B13,B13,B13,B13,B13-14,B13-14,B13-14,B13-14,B13-14,B13-14,B13-14,B13-14,B13-14,B13-14,B13-14,B13-14,B13-14,B13-14,B13-14,B13-14,B13-14,B13-14,B13-14,B13-14,B13-14,B13-14,B13-14,B13-14,B13-14,B13-14,B13-14,B13-14,B13-14,B13-14,B13-14,B13-14,B13-14,B13-14,B13-14,B13-14,B13-14,B13-14,B13-14,B13-14,B13-14,B13-14,B13-14,B13-14,B12-14,B12-14,B12-14,B12-14,B12-14,B12-14,B12-14,B12-14,B12-14,B12-14,B12-14,B12-14,B12-14,B12-14,B12-14,B12-14,B12-14,B12-14,B12-14,B12-14,B12-14,B12-14,B12-14,B12-14,B12-14,B12-14,B12-14,B12-14,B12-14,B12-14,B12-14,B12-14,B12-14,B12-14,B12-14,B12-14,B12-14,B12-14,B12-14,B12-14,B12-14,B12-14,B12-14,B12-14,B12-14,B12-14,B12-14,B12-14,B12-14,B12-14,B12-14,B12-14,B12-14,B12-14,B12-14,B9-14,B9-14,B9-14,B9-14,B9-14,B9-14,B9-14,B9-14,B9-14,B9-14,B9-14,B9-14,B9-14,B9-14,B9-14,B9-14,B9-14,B9-14,B9-14,B5-14,B5-14,B5-14,B5-14,B5-14,B5-14,B5-14,B5-14,B5-14,B5-14,B5-14,B5-14,B5-14,B5-14,B5-14,B5-14,B5-14,B5-14,B5-14,B5-14,B5-14,B5-14,B5-14,B0-14,B0-14,B0-14,B0-14,B0-14,B0-14,B0-14,B0-14,B0-14,B0-14,B0-14,B0-14,B0-14,B0-14,B0-14,B0-14,B0-14,B,B,B,B,B-C,B-C,B-C,B-C,B-C,A-C,A-C,A-C,A-C,A-L
C3,C3,C3,C3,C3,C3,C3,C3,C3,C3,C3,C3,C3,C3,C3,C3,C3,C3,C3,C3,C3,C3,C3,C3,C3,C3,C3,C3,C3,C3,C3,C3,C3,C3,C3,C3,C3,C3,C3,C3,C3,C3,C3,C3,C3,C3,C3,C3,C3,C3,C3,C3,C3,C3,C3,C3,C3,C3,C3,C3,C3,C3,C3,C3,C3,C3,C3,C3,C3,C3,C3,C3,C3,C3,C3,C3,C3,C3,C3,C3,C3,C3-4,C3-4,C3-4,C3-4,C3-4,C3-4,C3-4,C3-4,C3-4,C3-4,C3-4,C3-4,C3-4,C3-4,C3-4,C3-4,C3-4,C2-4,C2-4,C2-4,C2-4,C2-4,C2-4,C2-4,C2-4,C2-4,C2-4,C2-4,C2-4,C2-4,C2-4,C2-4,C2-4,C2-4,C2-4,C2-4,C2-4,C2-4,C2-4,C2-4,C2-4,C2-4,C2-4,C2-4,C2-4,C2-4,C2-4,C2-4,C2-4,C2-4,C2-4,C2-4,C2-4,C2-4,C2-4,C2-4,C2-4,C2-4,C2-4,C2-4,C2-4,C2-4,C2-4,C2-4,C2-4,C2-4,C2-4,C2-4,C2-4,C2-4,C2-4,C2-4,C2-4,C2-4,C0-4,C0-4,C0-4,C0-4,C0-4,C0-4,C0-4,C0-4,C0-4,C0-4,C0-4,C0-4,C0-4,C0-4,C0-4,C0-4,C0-4,C0-4,C0-4,C0-4,C0-4,C0-4,C0-4,C0-4,C0-4,C0-4,C0-4,C0-4,C0-4,C0-4,C0-4,C0-4,C0-4,C,C,B-C,B-C,B-C,B-C,B-C,A-C,A-C,A-C,A-C,A-L
C7,C7,C7,C7,C7,C7,C7,C7,C7,C7,C7,C7,C7,C7,C7,C7,C7,C7,C7,C7,C7,C7,C7,C7,C7,C7,C7,C7,C7,C7,C7,C7,C7,C7,C7,C7,C7,C7,C7,C7,C7,C7,C7,C7,C7,C7,C7,C7,C7,C7,C7,C7,C7,C7,C7,C7,C7,C7,C7,C7,C7,C7,C7,C7,C7,C7,C7,C7,C7,C7,C7,C7,C7,C7,C7,C7,C7,C7,C7,C7,C7,C7,C7,C7,C7,C7,C7,C7,C7,C7,C7,C7,C7,C7,C7,C7,C7,C7,C7,C7,C7,C7,C7,C7,C7,C7,C7,C7,C7,C7,C7,C7,C7,C7,C7,C7-9,C7-9,C7-9,C7-9,C7-9,C7-9,C7-9,C7-9,C7-9,C7-9,C7-9,C7-9,C7-9,C7-9,C7-9,C7-9,C7-9,C7-9,C7-9,C7-9,C7-9,C7-9,C7-9,C7-9,C7-9,C7-9,C7-9,C7-9,C7-9,C7-9,C7-9,C7-9,C7-9,C7-9,C7-9,C7-9,C7-9,C7-9,C7-9,C7-9,C7-9,C7-9,C7-12,C7-12,C7-12,C7-12,C7-12,C7-12,C7-12,C5-12,C5-12,C5-12,C5-12,C5-12,C5-12,C5-12,C5-12,C5-12,C5-12,C5-12,C5-12,C5-12,C5-12,C5-12,C5-12,C5-12,C5-12,C5-12,C5-12,C5-12,C5-12,C5-12,C5-12,C,C,B-C,B-C,B-C,B-C,B-C,A-C,A-C,A-C,A-C,A-L
K0,K0,K0,K0,K0,K0,K0,K0,K0,K0,K0,K0,K0,K0,K0,K0,K0,K0,K0,K0,K0,K0,K0,K0,K0,K0,K0,K0,K0,K0,K0,K0,K0,K0,K0,K0,K0,K0,K0,K0,K0,K0,K0,K0,K0,K0,K0,K0,K0,K0,K0,K0,K0,K0,K0,K0,K0,K0,K0,K0,K0,K0,K0,K0,K0,K0,K0,K0,K0,K0,K0,K0,K0,K0,K0,K0,K0,K0,K0,K0,K0,K0,K0,K0,K0,K0,K0,K0,K0,K0,K0,K0,K0,K0,K0,K0,K0,K0,K0,K0,K0,K0,K0,K0,K0,K0,K0,K0,K0,K0,K0,K0,K0,K0,K0,K0,K0,K0,K0,K0,K0,K0,K0,K0,K0,K0,K0,K0,K0,K0,K0,K0,K0,K0,K0,K0,K0,K0,K0,K0,K0,K0,K0,K0,K0,K0,K0,K0,K0,K0,K0,K0,K0-5,K0-5,K0-5,K0-5,K0-5,K0-5,K0-5,K0-5,K0-5,K0-5,K0-5,K0-5,K0-5,K0-5,K0-5,K0-5,K0-5,K0-5,K0-5,K0-5,K0-5,K0-5,K0-5,K0-5,K0-5,K0-5,K0-5,K,K,K,K,K,K,K,K,K,K,K,K,K,K-L,K-L,J-L,J-L,I-L,G-L,D-L,A-L
L16,L16,L16,L16,L16,L16,L16,L16,L16,L16,L16-17,L16-17,L16-17,L16-17,L16-17,L16-17,L16-17,L16-17,L16-17,L16-17,L16-17,L16-17,L16-17,L16-17,L16-17,L16-17,L16-17,L16-17,L16-17,L16-17,L16-17,L16-17,L16-17,L16-17,L16-17,L16-17,L16-17,L16-17,L16-17,L16-17,L16-17,L16-17,L16-17,L16-17,L16-17,L16-17,L16-17,L16-17,L16-17,L16-17,L16-17,L16-17,L16-17,L16-17,L16-17,L16-17,L16-17,L16-17,L16-17,L16-17,L16-17,L16-17,L16-17,L16-17,L16-17,L16-17,L16-17,L16-17,L16-17,L16-17,L16-17,L16-17,L16-17,L16-17,L16-17,L16-17,L16-17,L16-17,L16-17,L15-17,L15-17,L15-17,L15-17,L15-17,L15-17,L15-17,L15-17,L15-17,L15-17,L15-17,L15-17,L15-17,L15-17,L15-17,L15-17,L15-17,L15-17,L15-17,L15-17,L15-17,L15-17,L15-17,L15-17,L15-17,L15-17,L15-17,L15-17,L15-17,L15-17,L15-17,L15-17,L15-17,L15-17,L13-17,L13-17,L13-17,L13-17,L13-17,L13-17,L13-17,L13-17,L13-17,L13-17,L13-17,L13-17,L13-17,L13-17,L13-17,L13-17,L13-17,L13-17,L13-17,L13-17,L13-17,L13-17,L13-17,L13-17,L13-17,L13-17,L13-17,L13-17,L13-17,L13-17,L13-17,L13-17,L13-17,L13-17,L13-17,L13-17,L13-17,L13-17,L13-17,L13-17,L13-17,L13-17,L13-17,L13-17,L13-17,L13-17,L13-17,L13-17,L13-17,L13-17,L13-17,L13-17,L13-17,L13-17,L13-17,L13-17,L13-17,L13-17,L13-17,L13-17,L13-17,L13-19,L13-19,L13-19,L13-19,L13-19,L13-19,L13-19,L13-19,L13-19,L13-19,L,L,L,L,L,L,L,L,K-L,K-L,J-L,J-L,I-L,G-L,D-L,A-L
C6,C6,C6,C6,C6,C6,C6,C6,C6,C6,C6,C6,C6,C6,C6,C6,C6,C6,C6,C6,C6,C6,C6,C6,C6,C6,C6,C6,C6,C6,C6,C6,C6,C6,C6,C6,C6,C6,C6,C6,C6,C6,C6,C6,C6,C6,C6,C6,C6,C6,C6,C6,C6,C6,C6,C6,C6,C6,C6,C6,C6,C6,C6,C6,C6,C6,C6,C6,C6,C6,C6,C6,C6,C6,C6,C6,C6,C6,C6,C6,C6,C6,C6,C6,C6,C6,C6,C6,C6,C6,C6,C6,C6,C6,C6,C6,C6,C6,C6,C6,C6,C6,C6,C6,C6,C6,C6,C6,C6,C6,C6,C6,C6,C6,C6,C6,C6,C6,C6,C6,C6,C6,C6,C6,C6,C6,C6,C6,C6,C6,C6,C6,C6,C6,C5-6,C5-6,C5-6,C5-6,C5-6,C5-6,C5-6,C5-6,C5-6,C5-6,C5-6,C5-6,C5-6,C5-6,C5-6,C5-6,C5-6,C5-6,C5-6,C5-6,C5-6,C5-6,C5-6,C5-6,C5-6,C5-6,C5-6,C5-6,C5-6,C5-6,C5-12,C5-12,C5-12,C5-12,C5-12,C5-12,C5-12,C5-12,C5-12,C5-12,C5-12,C5-12,C5-12,C5-12,C5-12,C5-12,C5-12,C5-12,C5-12,C5-12,C5-12,C5-12,C5-12,C5-12,C,C,B-C,B-C,B-C,B-C,B-C,A-C,A-C,A-C,A-C,A-L
G2,G2,G2,G2,G2,G2,G2,G2,G2,G2,G2,G2,G2,G2,G2,G2,G2,G2,G2,G2,G2,G2,G2,G2,G2,G2,G2,G2,G2,G2,G2,G2,G2,G2,G2,G2,G2,G2,G2,G2,G2,G2,G2,G2,G2,G2,G2,G2,G2,G2,G2,G2,G2,G2,G2,G2,G2,G2,G2,G2,G2,G2,G2,G2,G2,G2,G2,G2,G2,G2,G2,G2,G2,G2,G2,G2,G2,G2,G2,G2,G2,G2,G2,G2,G2,G2,G2,G2,G2,G2,G2,G2,G2,G2,G2,G2,G2,G2,G2,G2,G2,G2,G2,G2,G2,G2,G2,G2,G2,G2,G2,G2,G2,G2,G2,G2,G2,G2,G2,G2,G2,G2,G2,G2,G2,G2-3,G2-3,G2-3,G2-3,G2-3,G2-3,G2-3,G2-3,G2-3,G2-3,G2-3,G2-3,G2-3,G2-3,G2-3,G2-3,G0-3,G0-3,G0-3,G0-3,G0-3,G0-3,G0-3,G0-3,G0-3,G0-3,G0-3,G0-3,G0-3,G0-3,G0-3,G0-3,G0-3,G0-3,G0-3,G0-3,G0-3,G0-3,G0-3,G0-3,G0-3,G0-3,G0-3,G0-3,G0-3,G0-3,G,G,G,G,G,G,G,G,G,G,G,G,G,G,G,G,G,G,G,G,G-H,G-H,G-H,G-H,G-H,G-H,G-L,D-L,A-L
A14,A14,A14,A14,A14,A14,A14,A14,A14,A14,A14,A14,A14,A14,A14,A14,A14,A14,A14,A14,A14,A14,A14,A14,A14,A14,A14,A14,A14,A14,A14,A14,A14,A14,A14,A14,A14,A14,A14,A14,A14,A14,A14,A14,A14,A14,A14,A14,A14,A14,A14,A14,A14,A14,A14,A14-15,A14-15,A14-15,A14-15,A14-15,A14-15,A14-15,A14-15,A14-15,A14-15,A14-15,A14-15,A14-15,A14-15,A14-15,A14-15,A14-15,A14-15,A14-15,A14-15,A14-15,A14-15,A14-15,A14-15,A14-15,A14-15,A14-15,A14-15,A14-15,A14-15,A14-15,A14-15,A14-15,A14-15,A14-15,A14-15,A14-15,A14-15,A14-15,A14-15,A14-15,A14-15,A14-15,A14-15,A14-15,A13-15,A13-15,A13-15,A13-15,A13-15,A13-15,A13-15,A13-15,A13-15,A13-15,A13-15,A13-15,A13-15,A13-15,A13-15,A13-15,A13-15,A13-15,A13-15,A13-15,A13-15,A13-15,A13-15,A13-15,A13-15,A13-15,A13-15,A13-15,A13-15,A13-15,A13-15,A13-15,A13-15,A13-15,A13-15,A13-15,A13-15,A13-15,A13-15,A13-15,A13-15,A13-15,A13-15,A13-18,A13-18,A13-18,A13-18,A13-18,A13-18,A13-18,A13-18,A13-18,A13-18,A13-18,A13-18,A13-18,A13-18,A13-18,A13-18,A13-18,A13-18,A13-18,A13-18,A13-18,A13-18,A13-18,A13-18,A13-18,A13-18,A13-18,A13-18,A13-18,A13-18,A13-18,A13-18,A13-18,A13-18,A9-18,A9-18,A9-18,A9-18,A9-18,A9-18,A9-18,A9-18,A9-18,A9-18,A,A,A,A,A,A,A,A,A-C,A-C,A-C,A-C,A-L
C4,C4,C4,C4,C4,C4,C4,C4,C4,C4,C4,C4,C4,C4,C4,C4,C4,C4,C4,C4,C4,C4,C4,C4,C4,C4,C4,C4,C4,C4,C4,C4,C4,C4,C4,C4,C4,C4,C4,C4,C4,C4,C4,C4,C4,C4,C4,C4,C4,C4,C4,C4,C4,C4,C4,C4,C4,C4,C4,C4,C4,C4,C4,C4,C4,C4,C4,C4,C4,C4,C4,C4,C4,C4,C4,C4,C4,C4,C4,C4,C4,C3-4,C3-4,C3-4,C3-4,C3-4,C3-4,C3-4,C3-4,C3-4,C3-4,C3-4,C3-4,C3-4,C3-4,C3-4,C3-4,C3-4,C2-4,C2-4,C2-4,C2-4,C2-4,C2-4,C2-4,C2-4,C2-4,C2-4,C2-4,C2-4,C2-4,C2-4,C2-4,C2-4,C2-4,C2-4,C2-4,C2-4,C2-4,C2-4,C2-4,C2-4,C2-4,C2-4,C2-4,C2-4,C2-4,C2-4,C2-4,C2-4,C2-4,C2-4,C2-4,C2-4,C2-4,C2-4,C2-4,C2-4,C2-4,C2-4,C2-4,C2-4,C2-4,C2-4,C2-4,C2-4,C2-4,C2-4,C2-4,C2-4,C2-4,C2-4,C2-4,C2-4,C2-4,C0-4,C0-4,C0-4,C0-4,C0-4,C0-4,C0-4,C0-4,C0-4,C0-4,C0-4,C0-4,C0-4,C0-4,C0-4,C0-4,C0-4,C0-4,C0-4,C0-4,C0-4,C0-4,C0-4,C0-4,C0-4,C0-4,C0-4,C0-4,C0-4,C0-4,C0-4,C0-4,C0-4,C,C,B-C,B-C,B-C,B-C,B-C,A-C,A-C,A-C,A-C,A-L
B28,B28,B28,B28,B28,B28,B28,B28,B28,B28,B28,B28,B28,B28,B28,B28,B28,B28,B28,B28,B28,B28,B28,B28,B28,B28,B28,B28,B28,B28,B28,B28,B28,B28,B28,B28,B28,B28,B28,B28,B28,B28,B28,B28,B28,B28,B28,B28,B28,B28,B28,B28,B28,B28,B28,B28,B28,B28,B28,B28,B28,B28,B28,B28,B28,B28,B28,B28,B28,B28,B28,B28,B28,B28,B28,B28,B28,B28,B28,B28,B28,B28,B28,B28,B28,B28,B28,B28,B28,B28,B28,B28,B28,B28,B28,B28,B28,B28,B28,B28,B28,B28,B28,B28,B28,B28,B28,B28,B28,B28,B28,B28,B28,B28,B28,B28,B28,B28,B28,B28,B28,B28,B28,B28,B28,B28,B28,B28,B28,B28,B28,B28,B28,B28,B28,B28,B28,B28-30,B28-30,B28-30,B28-30,B28-30,B28-30,B28-30,B28-30,B28-30,B28-30,B28-30,B28-30,B28-30,B28-30,B28-30,B28-30,B28-30,B28-30,B28-30,B28-30,B28-30,B28-30,B28-30,B28-30,B28-30,B28-30,B28-30,B28-30,B23-30,B23-30,B21-30,B21-30,B21-30,B21-30,B21-30,B21-30,B21-30,B21-30,B21-30,B21-30,B21-30,B21-30,B21-30,B21-30,B15-30,B15-30,B15-30,B15-30,B15-30,B,B,B,B,B-C,B-C,B-C,B-C,B-C,A-C,A-C,A-C,A-C,A-L
J26,J26,J26,J26,J25-26,J25-26,J25-26,J25-26,J25-26,J24-26,J24-26,J24-26,J24-26,J24-26,J24-26,J24-26,J24-26,J24-26,J24-26,J24-26,J24-26,J24-26,J24-26,J24-26,J24-26,J24-26,J24-26,J24-26,J24-26,J24-26,J24-26,J24-26,J24-26,J24-26,J24-26,J24-26,J24-26,J24-26,J24-26,J24-26,J24-26,J24-26,J24-26,J24-26,J24-26,J24-26,J24-26,J24-26,J24-26,J24-26,J24-26,J24-26,J24-26,J24-26,J24-26,J24-26,J24-26,J24-26,J24-26,J23-26,J23-26,J23-26,J23-26,J23-26,J23-26,J23-26,J23-26,J23-26,J23-26,J23-26,J23-26,J23-26,J23-26,J23-26,J23-26,J23-26,J23-26,J23-26,J23-26,J23-26,J23-26,J23-26,J23-26,J23-26,J23-26,J23-26,J23-26,J23-26,J23-26,J23-26,J23-26,J20-26,J20-26,J20-26,J20-26,J20-26,J20-26,J20-26,J20-26,J20-26,J20-26,J20-26,J20-26,J20-26,J20-26,J20-26,J20-26,J20-26,J20-26,J20-26,J20-26,J20-26,J20-26,J20-26,J20-26,J20-26,J20-26,J20-26,J20-26,J20-26,J20-26,J20-26,J20-26,J20-26,J20-26,J20-26,J20-26,J20-26,J20-26,J20-26,J20-26,J20-26,J20-26,J20-26,J20-26,J20-26,J20-26,J20-26,J20-26,J20-26,J20-26,J20-26,J20-26,J20-26,J17-26,J17-26,J17-26,J17-26,J17-26,J17-26,J17-26,J17-26,J17-26,J17-26,J17-26,J17-26,J17-26,J17-26,J17-26,J17-26,J17-26,J17-26,J17-26,J17-26,J17-26,J17-26,J17-26,J17-26,J17-26,J17-26,J17-26,J17-26,J17-26,J17-26,J17-26,J17-26,J11-26,J11-26,J11-26,J11-26,J11-26,J11-26,J11-26,J11-26,J11-26,J,J,J,J,J,J,J,J,J,J-L,J-L,I-L,G-L,D-L,A-L
C2,C2,C2,C2,C2,C2,C2,C2,C2,C2,C2,C2,C2,C2,C2,C2,C2,C2,C2,C2,C2,C2,C2,C2,C2,C2,C2,C2,C2,C2,C2,C2,C2,C2,C2,C2,C2,C2,C2,C2,C2,C2,C2,C2,C2,C2,C2,C2,C2,C2,C2,C2,C2,C2,C2,C2,C2,C2,C2,C2,C2,C2,C2,C2,C2,C2,C2,C2,C2,C2,C2,C2,C2,C2,C2,C2,C2,C2,C2,C2,C2,C2,C2,C2,C2,C2,C2,C2,C2,C2,C2,C2,C2,C2,C2,C2,C2,C2,C2-4,C2-4,C2-4,C2-4,C2-4,C2-4,C2-4,C2-4,C2-4,C2-4,C2-4,C2-4,C2-4,C2-4,C2-4,C2-4,C2-4,C2-4,C2-4,C2-4,C2-4,C2-4,C2-4,C2-4,C2-4,C2-4,C2-4,C2-4,C2-4,C2-4,C2-4,C2-4,C2-4,C2-4,C2-4,C2-4,C2-4,C2-4,C2-4,C2-4,C2-4,C2-4,C2-4,C2-4,C2-4,C2-4,C2-4,C2-4,C2-4,C2-4,C2-4,C2-4,C2-4,C2-4,C2-4,C2-4,C2-4,C0-4,C0-4,C0-4,C0-4,C0-4,C0-4,C0-4,C0-4,C0-4,C0-4,C0-4,C0-4,C0-4,C0-4,C0-4,C0-4,C0-4,C0-4,C0-4,C0-4,C0-4,C0-4,C0-4,C0-4,C0-4,C0-4,C0-4,C0-4,C0-4,C0-4,C0-4,C0-4,C0-4,C,C,B-C,B-C,B-C,B-C,B-C,A-C,A-C,A-C,A-C,A-L
K9,K9,K9,K9,K9,K9,K9,K9,K9,K9,K9,K9,K9,K9,K9,K9,K9,K9,K9,K9,K9,K9,K9,K9,K9,K9,K9,K9,K9,K9,K9,K9,K9,K9,K9,K9,K9-10,K9-10,K9-10,K9-10,K9-10,K9-10,K9-10,K9-10,K9-10,K9-10,K9-10,K9-10,K9-10,K9-10,K9-10,K9-10,K9-10,K9-10,K9-10,K9-10,K9-10,K9-10,K9-10,K9-10,K9-10,K9-10,K9-10,K9-10,K9-10,K9-10,K9-10,K9-10,K8-10,K8-10,K8-10,K8-10,K8-10,K8-10,K8-10,K8-10,K8-10,K8-10,K8-10,K8-10,K8-10,K8-10,K8-10,K8-10,K8-10,K8-10,K8-10,K8-10,K8-10,K8-10,K8-10,K8-10,K8-10,K8-10,K8-10,K8-10,K8-10,K8-10,K8-10,K8-10,K8-10,K8-10,K8-10,K8-10,K8-10,K8-10,K8-10,K8-10,K8-10,K8-10,K8-10,K8-10,K8-10,K8-10,K8-10,K8-10,K8-10,K8-10,K8-10,K6-10,K6-10,K6-10,K6-10,K6-10,K6-10,K6-10,K6-10,K6-10,K6-10,K6-10,K6-10,K6-10,K6-10,K6-10,K6-10,K6-10,K6-10,K6-10,K6-10,K6-10,K6-10,K6-10,K6-10,K6-10,K6-10,K6-10,K6-10,K6-10,K6-10,K6-10,K6-10,K6-10,K6-10,K6-10,K6-10,K6-10,K6-10,K6-10,K6-10,K6-10,K6-10,K6-10,K6-10,K6-10,K6-10,K6-10,K6-10,K6-10,K6-10,K6-10,K6-10,K6-10,K6-10,K6-16,K6-16,K6-16,K6-16,K6-16,K6-16,K,K,K,K,K,K,K,K,K,K,K,K,K,K-L,K-L,J-L,J-L,I-L,G-L,D-L,A-L
A2,A2,A2,A2,A2,A2,A2,A2,A2,A2,A2,A2,A2,A2,A2,A2,A2,A2,A2,A2,A2,A2,A2,A2,A2,A2,A2,A2,A2,A2,A2,A2,A2,A2,A2,A2,A2,A2,A2,A2,A2,A2,A2,A2,A2,A2,A2,A2,A2,A2,A2,A2,A2,A2,A2,A2,A2,A2,A2,A2,A2,A2,A2,A2,A2,A2,A2,A2,A2,A2,A2,A2,A2,A2,A2,A2,A2,A2,A2,A2,A2,A2,A2,A2,A2,A2,A2,A2,A2,A2,A2,A2,A2,A2,A2,A2,A2,A2,A2,A2,A2,A2,A2,A2,A2,A2,A2-3,A2-3,A2-3,A2-3,A2-3,A2-3,A2-3,A2-3,A2-3,A2-3,A2-3,A2-3,A2-3,A2-3,A2-3,A2-3,A2-3,A2-3,A2-3,A2-3,A2-3,A2-3,A2-3,A2-3,A2-3,A2-3,A2-3,A2-3,A2-3,A2-3,A2-3,A2-3,A2-3,A2-3,A2-3,A2-3,A2-3,A2-3,A2-3,A2-3,A2-3,A2-3,A2-3,A0-3,A0-3,A0-3,A0-3,A0-3,A0-3,A0-3,A0-3,A0-3,A0-3,A0-3,A0-3,A0-3,A0-3,A0-3,A0-3,A0-3,A0-3,A0-3,A0-3,A0-3,A0-3,A0-3,A0-3,A0-3,A0-3,A0-8,A0-8,A0-8,A0-8,A0-8,A0-8,A0-8,A0-8,A0-8,A0-8,A0-8,A0-8,A,A,A,A,A,A,A,A,A-C,A-C,A-C,A-C,A-L
B23,B23,B23,B23,B23,B23,B23,B23,B23,B23,B23,B23,B23,B23,B23,B23,B23,B23,B23,B23,B23,B23,B23,B23,B23,B23,B23,B23,B23,B23,B23-24,B23-24,B23-24,B23-24,B23-24,B23-24,B23-24,B23-24,B23-24,B23-24,B23-24,B23-24,B23-24,B23-24,B23-24,B23-24,B23-24,B23-24,B23-24,B23-24,B23-24,B23-24,B23-24,B23-24,B23-24,B23-24,B23-24,B23-24,B23-24,B23-24,B23-24,B23-24,B23-24,B23-24,B23-24,B23-24,B23-24,B23-24,B23-24,B23-24,B23-24,B23-27,B23-27,B23-27,B23-27,B23-27,B23-27,B23-27,B23-27,B23-27,B23-27,B23-27,B23-27,B23-27,B23-27,B23-27,B23-27,B23-27,B23-27,B23-27,B23-27,B23-27,B23-27,B23-27,B23-27,B23-27,B23-27,B23-27,B23-27,B23-27,B23-27,B23-27,B23-27,B23-27,B23-27,B23-27,B23-27,B23-27,B23-27,B23-27,B23-27,B23-27,B23-27,B23-27,B23-27,B23-27,B23-27,B23-27,B23-27,B23-27,B23-27,B23-27,B23-27,B23-27,B23-27,B23-27,B23-27,B23-27,B23-27,B23-27,B23-27,B23-27,B23-27,B23-27,B23-27,B23-27,B23-27,B23-27,B23-27,B23-27,B23-27,B23-27,B23-27,B23-27,B23-27,B23-27,B23-27,B23-27,B23-27,B23-27,B23-27,B23-27,B23-27,B23-27,B23-27,B23-27,B23-27,B23-27,B23-27,B23-27,B23-27,B23-27,B23-27,B23-27,B23-27,B23-30,B23-30,B21-30,B21-30,B21-30,B21-30,B21-30,B21-30,B21-30,B21-30,B21-30,B21-30,B21-30,B21-30,B21-30,B21-30,B15-30,B15-30,B15-30,B15-30,B15-30,B,B,B,B,B-C,B-C,B-C,B-C,B-C,A-C,A-C,A-C,A-C,A-L
G3,G3,G3,G3,G3,G3,G3,G3,G3,G3,G3,G3,G3,G3,G3,G3,G3,G3,G3,G3,G3,G3,G3,G3,G3,G3,G3,G3,G3,G3,G3,G3,G3,G3,G3,G3,G3,G3,G3,G3,G3,G3,G3,G3,G3,G3,G3,G3,G3,G3,G3,G3,G3,G3,G3,G3,G3,G3,G3,G3,G3,G3,G3,G3,G3,G3,G3,G3,G3,G3,G3,G3,G3,G3,G3,G3,G3,G3,G3,G3,G3,G3,G3,G3,G3,G3,G3,G3,G3,G3,G3,G3,G3,G3,G3,G3,G3,G3,G3,G3,G3,G3,G3,G3,G3,G3,G3,G3,G3,G3,G3,G3,G3,G3,G3,G3,G3,G3,G3,G3,G3,G3,G3,G3,G3,G2-3,G2-3,G2-3,G2-3,G2-3,G2-3,G2-3,G2-3,G2-3,G2-3,G2-3,G2-3,G2-3,G2-3,G2-3,G2-3,G0-3,G0-3,G0-3,G0-3,G0-3,G0-3,G0-3,G0-3,G0-3,G0-3,G0-3,G0-3,G0-3,G0-3,G0-3,G0-3,G0-3,G0-3,G0-3,G0-3,G0-3,G0-3,G0-3,G0-3,G0-3,G0-3,G0-3,G0-3,G0-3,G0-3,G,G,G,G,G,G,G,G,G,G,G,G,G,G,G,G,G,G,G,G,G-H,G-H,G-H,G-H,G-H,G-H,G-L,D-L,A-L
A6,A6,A6,A6,A6,A6,A6,A6,A6,A6,A6,A6,A6,A6,A6,A6,A6,A6,A6,A6,A6,A6,A6,A6,A6,A6,A6,A6,A6,A6,A6,A6,A6,A6,A6,A6,A6,A6,A6,A6,A6,A6,A6,A6,A6,A6,A6,A6,A6,A6,A6,A6,A6,A6,A6,A6,A6,A6,A6,A6,A6,A6,A6,A6,A6,A6,A6,A6,A6,A6,A6,A6,A6,A6,A6,A6,A6,A6,A6,A6,A6,A6,A6,A6,A6,A6,A6,A6,A6,A6,A6,A6,A6,A6,A6,A6,A6,A6,A6,A6,A6,A6,A6,A6,A6,A6,A6,A6,A6,A6,A6,A6,A6,A6,A6,A6,A6,A6,A6,A6,A6,A6-8,A6-8,A6-8,A6-8,A6-8,A6-8,A6-8,A6-8,A6-8,A6-8,A6-8,A6-8,A6-8,A6-8,A6-8,A6-8,A6-8,A6-8,A6-8,A6-8,A6-8,A6-8,A6-8,A6-8,A6-8,A6-8,A6-8,A6-8,A6-8,A6-8,A4-8,A4-8,A4-8,A4-8,A4-8,A4-8,A4-8,A4-8,A4-8,A4-8,A4-8,A4-8,A4-8,A4-8,A4-8,A4-8,A4-8,A4-8,A4-8,A4-8,A4-8,A4-8,A4-8,A4-8,A0-8,A0-8,A0-8,A0-8,A0-8,A0-8,A0-8,A0-8,A0-8,A0-8,A0-8,A0-8,A,A,A,A,A,A,A,A,A-C,A-C,A-C,A-C,A-L
K15,K15,K15,K15,K15,K15,K15,K15,K15,K15,K15,K15,K15,K15,K15,K15,K15,K15,K15,K15,K15,K15,K15,K15,K15,K15,K15,K15,K15,K15,K15,K15,K15,K15,K15,K15,K15,K15,K15,K15,K15,K15,K15,K15,K15,K15,K15,K15,K15,K15,K15,K15,K15,K15,K15,K15,K15,K15,K15,K15,K15,K15,K15,K15,K15,K15,K15,K15,K15,K15,K15,K15,K15,K15,K15,K15,K15,K15,K15,K15,K15,K15,K15,K15,K15,K15,K15,K15,K15,K15,K15,K15,K15,K15,K15,K15,K15,K15,K15,K15-16,K15-16,K15-16,K15-16,K15-16,K15-16,K15-16,K15-16,K15-16,K15-16,K15-16,K15-16,K15-16,K15-16,K15-16,K15-16,K15-16,K15-16,K13-16,K13-16,K13-16,K13-16,K13-16,K13-16,K13-16,K13-16,K13-16,K13-16,K13-16,K13-16,K13-16,K13-16,K13-16,K13-16,K13-16,K13-16,K13-16,K13-16,K13-16,K13-16,K13-16,K13-16,K13-16,K13-16,K13-16,K13-16,K13-16,K13-16,K13-16,K13-16,K13-16,K13-16,K13-16,K13-16,K13-16,K11-16,K11-16,K11-16,K11-16,K11-16,K11-16,K11-16,K11-16,K11-16,K11-16,K11-16,K11-16,K11-16,K11-16,K11-16,K11-16,K11-16,K11-16,K11-16,K6-16,K6-16,K6-16,K6-16,K6-16,K6-16,K,K,K,K,K,K,K,K,K,K,K,K,K,K-L,K-L,J-L,J-L,I-L,G-L,D-L,A-L
J11,J11,J11,J11,J11,J11,J11,J11,J11,J11,J11,J11,J11-12,J11-12,J11-12,J11-12,J11-12,J11-12,J11-12,J11-12,J11-12,J11-12,J11-12,J11-12,J11-12,J11-12,J11-12,J11-12,J11-12,J11-12,J11-12,J11-12,J11-12,J11-12,J11-12,J11-12,J11-12,J11-12,J11-12,J11-12,J11-12,J11-12,J11-12,J11-12,J11-12,J11-12,J11-12,J11-12,J11-12,J11-12,J11-12,J11-12,J11-12,J11-12,J11-12,J11-12,J11-12,J11-12,J11-12,J11-12,J11-12,J11-12,J11-12,J11-12,J11-12,J11-12,J11-12,J11-12,J11-12,J11-12,J11-12,J11-12,J11-12,J11-12,J11-12,J11-12,J11-12,J11-12,J11-12,J11-12,J11-12,J11-12,J11-12,J11-12,J11-12,J11-12,J11-12,J11-12,J11-12,J11-12,J11-12,J11-12,J11-12,J11-12,J11-12,J11-12,J11-12,J11-12,J11-12,J11-12,J11-12,J11-12,J11-12,J11-12,J11-12,J11-12,J11-12,J11-12,J11-12,J11-12,J11-12,J11-12,J11-12,J11-12,J11-12,J11-12,J11-12,J11-12,J11-12,J11-12,J11-12,J11-12,J11-12,J11-12,J11-12,J11-12,J11-12,J11-12,J11-12,J11-12,J11-12,J11-12,J11-12,J11-12,J11-12,J11-12,J11-12,J11-12,J11-16,J11-16,J11-16,J11-16,J11-16,J11-16,J11-16,J11-16,J11-16,J11-16,J11-16,J11-16,J11-16,J11-16,J11-16,J11-16,J11-16,J11-16,J11-16,J11-16,J11-16,J11-16,J11-16,J11-16,J11-16,J11-16,J11-16,J11-16,J11-16,J11-16,J11-16,J11-16,J11-16,J11-16,J11-16,J11-16,J11-16,J11-16,J11-26,J11-26,J11-26,J11-26,J11-26,J11-26,J11-26,J11-26,J11-26,J,J,J,J,J,J,J,J,J,J-L,J-L,I-L,G-L,D-L,A-L
L3,L3,L3,L3,L3,L3,L3,L3,L3,L3,L3,L3,L3,L3,L3,L3,L3,L3,L3,L3,L3,L3,L3,L3,L3,L3,L3,L3,L3,L3,L3,L3,L3,L3,L3,L3,L3,L3,L3,L3,L3,L3,L3,L3,L3,L3,L3,L3,L3,L3,L3,L3,L3,L3,L3,L3,L3,L3,L3,L3,L3,L3,L3,L3,L3,L3,L3,L3-6,L3-6,L3-6,L3-6,L3-6,L3-6,L3-6,L3-6,L3-6,L3-6,L3-6,L3-6,L3-6,L3-6,L3-6,L3-6,L3-6,L3-6,L3-6,L3-6,L3-6,L3-6,L3-6,L3-6,L3-6,L3-6,L3-6,L3-6,L3-6,L3-6,L3-6,L3-6,L3-6,L3-6,L3-6,L3-6,L3-6,L3-6,L3-6,L3-6,L3-6,L3-6,L3-6,L3-6,L3-6,L3-6,L3-6,L3-6,L3-6,L3-6,L3-6,L3-6,L3-6,L3-6,L3-6,L3-6,L3-6,L3-6,L3-6,L3-6,L3-6,L3-6,L3-6,L3-6,L3-6,L3-6,L3-6,L3-6,L3-6,L3-6,L3-6,L3-6,L3-6,L3-6,L3-6,L3-6,L3-6,L3-6,L3-6,L3-6,L3-6,L3-6,L3-6,L3-6,L3-6,L3-6,L3-6,L3-6,L3-6,L3-6,L3-6,L3-12,L3-12,L3-12,L3-12,L3-12,L3-12,L3-12,L3-12,L3-12,L3-12,L3-12,L3-12,L3-12,L3-12,L0-12,L0-12,L0-12,L0-12,L0-12,L0-12,L0-12,L0-12,L0-12,L0-12,L0-12,L0-12,L,L,L,L,L,L,L,L,K-L,K-L,J-L,J-L,I-L,G-L,D-L,A-L
A18,A18,A18,A18,A18,A18,A18,A18,A18,A18,A18,A18,A18,A18,A18,A18,A18,A18,A18,A18,A18,A18,A18,A18,A18,A18,A18,A18,A18,A18,A18,A18,A18,A18,A18,A18,A18,A18,A18,A18,A18,A18,A18,A18,A18,A18,A18,A18,A17-18,A17-18,A17-18,A17-18,A17-18,A17-18,A17-18,A17-18,A17-18,A17-18,A17-18,A17-18,A17-18,A17-18,A17-18,A17-18,A17-18,A17-18,A17-18,A17-18,A17-18,A17-18,A17-18,A17-18,A17-18,A17-18,A17-18,A17-18,A17-18,A17-18,A17-18,A17-18,A17-18,A17-18,A17-18,A17-18,A17-18,A17-18,A17-18,A17-18,A17-18,A17-18,A17-18,A17-18,A17-18,A17-18,A17-18,A17-18,A17-18,A17-18,A17-18,A17-18,A17-18,A17-18,A17-18,A17-18,A17-18,A17-18,A17-18,A17-18,A17-18,A17-18,A17-18,A17-18,A17-18,A17-18,A16-18,A16-18,A16-18,A16-18,A16-18,A16-18,A16-18,A16-18,A16-18,A16-18,A16-18,A16-18,A16-18,A16-18,A16-18,A16-18,A16-18,A16-18,A16-18,A16-18,A16-18,A16-18,A16-18,A16-18,A16-18,A16-18,A16-18,A16-18,A16-18,A13-18,A13-18,A13-18,A13-18,A13-18,A13-18,A13-18,A13-18,A13-18,A13-18,A13-18,A13-18,A13-18,A13-18,A13-18,A13-18,A13-18,A13-18,A13-18,A13-18,A13-18,A13-18,A13-18,A13-18,A13-18,A13-18,A13-18,A13-18,A13-18,A13-18,A13-18,A13-18,A13-18,A13-18,A9-18,A9-18,A9-18,A9-18,A9-18,A9-18,A9-18,A9-18,A9-18,A9-18,A,A,A,A,A,A,A,A,A-C,A-C,A-C,A-C,A-L
J4,J4,J4,J4,J4,J4,J4,J4,J4,J4,J4,J4,J4,J3-4,J3-4,J3-4,J3-4,J3-4,J3-4,J3-4,J3-4,J1-4,J1-4,J1-4,J1-4,J1-4,J1-4,J1-4,J1-4,J1-4,J1-4,J1-4,J1-4,J1-4,J1-4,J1-4,J1-4,J1-4,J1-4,J1-4,J1-4,J1-4,J1-4,J1-4,J1-4,J1-4,J1-4,J1-4,J1-4,J1-4,J1-4,J1-4,J1-4,J1-4,J1-4,J1-4,J1-4,J1-4,J1-4,J1-4,J1-4,J1-4,J1-4,J1-4,J1-4,J1-4,J1-4,J1-4,J1-4,J1-4,J1-4,J1-4,J1-4,J1-4,J1-4,J1-4,J1-4,J1-4,J1-4,J1-4,J1-4,J1-4,J1-4,J1-4,J1-4,J1-4,J1-4,J1-4,J1-4,J1-4,J1-4,J1-4,J1-4,J1-4,J1-4,J1-4,J1-4,J1-4,J1-4,J1-4,J1-4,J1-4,J1-4,J1-4,J1-4,J1-4,J1-4,J1-4,J1-4,J1-4,J1-4,J1-4,J1-4,J1-4,J1-4,J1-4,J1-4,J1-4,J1-4,J1-4,J1-4,J1-4,J1-4,J1-4,J1-4,J1-4,J1-4,J1-4,J1-4,J1-10,J1-10,J1-10,J1-10,J1-10,J1-10,J1-10,J1-10,J1-10,J1-10,J1-10,J1-10,J1-10,J1-10,J1-10,J1-10,J1-10,J1-10,J1-10,J1-10,J1-10,J1-10,J1-10,J1-10,J1-10,J1-10,J1-10,J0-10,J0-10,J0-10,J0-10,J0-10,J0-10,J0-10,J0-10,J0-10,J0-10,J0-10,J0-10,J0-10,J0-10,J0-10,J0-10,J0-10,J0-10,J0-10,J0-10,J0-10,J0-10,J0-10,J0-10,J0-10,J0-10,J0-10,J0-10,J0-10,J,J,J,J,J,J,J,J,J,J-L,J-L,I-L,G-L,D-L,A-L
H16,H16,H16,H16,H16,H16,H16,H16,H16,H16,H16,H16,H16,H16,H16,H16,H16,H16,H16,H16,H16,H16,H16,H16,H16,H16,H16,H16,H16,H16,H16,H16,H16,H16,H16,H16,H16,H16,H16,H16,H16,H16,H16,H16,H16,H16,H16,H16,H16,H16,H16,H16,H16,H16,H15-16,H15-16,H15-16,H15-16,H15-16,H15-16,H15-16,H15-16,H15-16,H15-16,H15-16,H15-16,H15-16,H15-16,H15-16,H15-16,H15-16,H15-16,H15-16,H15-16,H15-16,H15-16,H15-16,H15-16,H15-16,H15-16,H15-16,H15-16,H15-16,H15-16,H15-16,H15-16,H15-16,H15-16,H15-16,H15-16,H15-16,H15-16,H15-16,H15-16,H15-16,H15-16,H15-16,H15-16,H15-16,H15-16,H15-16,H15-16,H15-16,H15-16,H15-16,H15-16,H15-16,H15-16,H15-16,H15-16,H15-16,H15-16,H15-16,H15-16,H15-16,H15-16,H15-16,H15-16,H15-16,H15-16,H15-16,H15-16,H14-16,H14-16,H14-16,H14-16,H14-16,H14-16,H14-16,H14-16,H14-16,H14-16,H14-16,H14-16,H14-16,H14-16,H14-16,H14-16,H14-16,H14-16,H14-16,H14-16,H14-16,H14-16,H14-16,H14-16,H14-16,H14-16,H14-16,H14-16,H14-16,H14-16,H14-16,H14-16,H14-16,H14-16,H14-16,H14-16,H14-16,H14-16,H14-16,H14-16,H14-16,H11-16,H11-16,H11-16,H11-16,H11-16,H11-16,H11-16,H11-16,H11-16,H11-16,H11-16,H11-16,H11-16,H11-16,H11-16,H,H,H,H,H,H,H,H,H,H,H,H,H,G-H,G-H,G-H,G-H,G-H,G-H,G-L,D-L,A-L
F3,F3,F3,F3,F3,F3,F3,F3,F3,F3,F3,F3,F3,F3,F3,F3,F3,F3,F3,F3,F3,F3,F3,F3,F3,F3,F3,F3,F3,F3,F3,F3,F3,F3,F3,F3,F3,F3,F3,F3,F3,F3,F3,F3,F3,F3,F3,F3,F3,F3,F3,F3,F3,F3,F3,F3,F3,F3,F3,F3,F3,F3,F3,F3,F3,F3,F3,F3,F3,F3,F3,F3,F3,F3,F3,F3,F3,F3,F3,F3,F3,F3,F3,F3,F3,F3,F3,F3,F3,F3,F3-7,F3-7,F3-7,F3-7,F3-7,F3-7,F3-7,F3-7,F3-7,F3-7,F3-7,F3-7,F3-7,F3-7,F3-7,F3-7,F3-7,F3-7,F3-7,F3-7,F3-7,F3-7,F3-7,F3-7,F3-7,F3-7,F3-7,F3-7,F3-7,F3-7,F3-7,F3-7,F3-7,F3-7,F3-7,F3-7,F3-7,F3-7,F3-7,F3-7,F3-7,F3-7,F3-7,F3-7,F3-7,F3-7,F3-7,F3-7,F3-7,F3-7,F3-7,F3-7,F3-7,F3-7,F3-7,F3-7,F3-7,F3-7,F3-7,F3-7,F3-7,F3-7,F3-7,F3-7,F3-7,F3-7,F3-7,F3-7,F3-7,F3-7,F3-7,F3-7,F3-7,F3-7,F3-7,F3-7,F3-7,F3-7,F3-11,F3-11,F3-11,F3-11,F3-11,F3-11,F3-11,F3-11,F3-11,F3-11,F3-11,F3-11,F,F,F,F,F,F,F,F,F,E-F,E-F,E-F,E-F,D-F,D-F,D-F,D-F,D-F,D-L,A-L
A15,A15,A15,A15,A15,A15,A15,A15,A15,A15,A15,A15,A15,A15,A15,A15,A15,A15,A15,A15,A15,A15,A15,A15,A15,A15,A15,A15,A15,A15,A15,A15,A15,A15,A15,A15,A15,A15,A15,A15,A15,A15,A15,A15,A15,A15,A15,A15,A15,A15,A15,A15,A15,A15,A15,A14-15,A14-15,A14-15,A14-15,A14-15,A14-15,A14-15,A14-15,A14-15,A14-15,A14-15,A14-15,A14-15,A14-15,A14-15,A14-15,A14-15,A14-15,A14-15,A14-15,A14-15,A14-15,A14-15,A14-15,A14-15,A14-15,A14-15,A14-15,A14-15,A14-15,A14-15,A14-15,A14-15,A14-15,A14-15,A14-15,A14-15,A14-15,A14-15,A14-15,A14-15,A14-15,A14-15,A14-15,A14-15,A13-15,A13-15,A13-15,A13-15,A13-15,A13-15,A13-15,A13-15,A13-15,A13-15,A13-15,A13-15,A13-15,A13-15,A13-15,A13-15,A13-15,A13-15,A13-15,A13-15,A13-15,A13-15,A13-15,A13-15,A13-15,A13-15,A13-15,A13-15,A13-15,A13-15,A13-15,A13-15,A13-15,A13-15,A13-15,A13-15,A13-15,A13-15,A13-15,A13-15,A13-15,A13-15,A13-15,A13-18,A13-18,A13-18,A13-18,A13-18,A13-18,A13-18,A13-18,A13-18,A13-18,A13-18,A13-18,A13-18,A13-18,A13-18,A13-18,A13-18,A13-18,A13-18,A13-18,A13-18,A13-18,A13-18,A13-18,A13-18,A13-18,A13-18,A13-18,A13-18,A13-18,A13-18,A13-18,A13-18,A13-18,A9-18,A9-18,A9-18,A9-18,A9-18,A9-18,A9-18,A9-18,A9-18,A9-18,A,A,A,A,A,A,A,A,A-C,A-C,A-C,A-C,A-L
I6,I6,I6,I6,I6,I6,I6,I6,I6,I6,I6,I6,I6,I6,I6,I6,I6,I6,I6,I6,I6,I6,I6,I6,I6,I6,I6,I6,I6,I6,I6,I6,I6,I6,I6,I6,I6,I6,I6,I6,I6,I6,I6,I6,I6,I6,I6,I6,I6,I6,I6,I6,I6,I6,I6,I6,I6,I6,I6,I6,I6,I6,I6,I6,I6,I6,I6,I6,I6,I6,I6,I6,I6,I6,I6,I6,I6,I6,I6,I6,I6,I6,I6,I6,I6,I6,I6,I6,I6,I6,I6,I6,I6,I6,I6,I6,I6,I6,I6,I6,I6,I6,I6,I6,I6,I6,I6,I6,I6,I6,I6,I6,I6,I6,I6,I6,I6,I6,I6,I6,I6,I6,I6,I6,I6,I6,I6,I6,I6,I6,I6,I6,I6,I6,I6,I6,I6,I6,I6,I6,I6,I6,I6,I6,I6,I6,I6,I6-9,I6-9,I6-9,I6-9,I6-9,I6-9,I6-9,I6-9,I6-9,I6-9,I6-9,I6-9,I6-9,I6-9,I6-9,I6-9,I6-9,I6-9,I6-9,I6-9,I6-9,I6-9,I6-9,I6-13,I6-13,I6-13,I6-13,I6-13,I6-13,I6-13,I6-13,I6-13,I6-13,I6-13,I6-13,I,I,I,I,I,I,I,I,I,I,I,I,I,I,I-L,G-L,D-L,A-L
B18,B18,B18,B18,B18,B18,B18,B18,B18,B18,B18,B18,B18,B18,B18,B18,B18,B18,B18,B18,B18,B18,B18,B18,B18,B18,B18,B18,B18,B18,B18,B18,B18,B18,B18,B18,B18,B18,B18,B18,B18,B18,B18,B18,B18,B18,B18,B18,B18,B18,B18,B18,B18,B18,B18,B18,B18,B18,B18,B18,B18,B18,B18,B18,B18,B18,B18,B18,B18,B18,B18,B18,B18,B18,B18,B18,B18,B18,B18,B18,B18,B18,B18,B18,B18,B18,B18,B18,B18,B18,B18,B18,B18,B18,B18,B18,B18,B18,B18,B18,B18,B18,B18,B18,B18,B18,B18,B18,B18,B18,B18,B18,B18,B18,B18,B18,B18-20,B18-20,B18-20,B18-20,B18-20,B18-20,B18-20,B18-20,B18-20,B18-20,B18-20,B18-20,B18-20,B18-20,B18-20,B18-20,B18-20,B18-20,B18-20,B18-20,B18-20,B18-20,B18-20,B18-20,B18-20,B18-20,B18-20,B18-20,B18-20,B15-20,B15-20,B15-20,B15-20,B15-20,B15-20,B15-20,B15-20,B15-20,B15-20,B15-20,B15-20,B15-20,B15-20,B15-20,B15-20,B15-20,B15-20,B15-20,B15-20,B15-20,B15-20,B15-20,B15-20,B15-20,B15-20,B15-20,B15-20,B15-20,B15-20,B15-20,B15-20,B15-20,B15-20,B15-20,B15-20,B15-30,B15-30,B15-30,B15-30,B15-30,B,B,B,B,B-C,B-C,B-C,B-C,B-C,A-C,A-C,A-C,A-C,A-L
A3,A3,A3,A3,A3,A3,A3,A3,A3,A3,A3,A3,A3,A3,A3,A3,A3,A3,A3,A3,A3,A3,A3,A3,A3,A3,A3,A3,A3,A3,A3,A3,A3,A3,A3,A3,A3,A3,A3,A3,A3,A3,A3,A3,A3,A3,A3,A3,A3,A3,A3,A3,A3,A3,A3,A3,A3,A3,A3,A3,A3,A3,A3,A3,A3,A3,A3,A3,A3,A3,A3,A3,A3,A3,A3,A3,A3,A3,A3,A3,A3,A3,A3,A3,A3,A3,A3,A3,A3,A3,A3,A3,A3,A3,A3,A3,A3,A3,A3,A3,A3,A3,A3,A3,A3,A3,A2-3,A2-3,A2-3,A2-3,A2-3,A2-3,A2-3,A2-3,A2-3,A2-3,A2-3,A2-3,A2-3,A2-3,A2-3,A2-3,A2-3,A2-3,A2-3,A2-3,A2-3,A2-3,A2-3,A2-3,A2-3,A2-3,A2-3,A2-3,A2-3,A2-3,A2-3,A2-3,A2-3,A2-3,A2-3,A2-3,A2-3,A2-3,A2-3,A2-3,A2-3,A2-3,A2-3,A0-3,A0-3,A0-3,A0-3,A0-3,A0-3,A0-3,A0-3,A0-3,A0-3,A0-3,A0-3,A0-3,A0-3,A0-3,A0-3,A0-3,A0-3,A0-3,A0-3,A0-3,A0-3,A0-3,A0-3,A0-3,A0-3,A0-8,A0-8,A0-8,A0-8,A0-8,A0-8,A0-8,A0-8,A0-8,A0-8,A0-8,A0-8,A,A,A,A,A,A,A,A,A-C,A-C,A-C,A-C,A-L
K12,K12,K12,K12,K12,K12,K12,K12,K12,K12,K12,K12,K12,K12,K12,K12,K12,K12,K12,K12,K12,K12,K12,K12,K12,K12,K12,K12,K12,K12,K12,K12,K12,K12,K12,K12,K12,K12,K12,K12,K12,K12,K12,K12,K12,K12,K12,K12,K12,K12,K12,K12,K12,K12,K12,K12,K12,K12,K12,K12,K12,K12,K12,K12,K12,K12,K11-12,K11-12,K11-12,K11-12,K11-12,K11-12,K11-12,K11-12,K11-12,K11-12,K11-12,K11-12,K11-12,K11-12,K11-12,K11-12,K11-12,K11-12,K11-12,K11-12,K11-12,K11-12,K11-12,K11-12,K11-12,K11-12,K11-12,K11-12,K11-12,K11-12,K11-12,K11-12,K11-12,K11-12,K11-12,K11-12,K11-12,K11-12,K11-12,K11-12,K11-12,K11-12,K11-12,K11-12,K11-12,K11-12,K11-12,K11-12,K11-12,K11-12,K11-12,K11-12,K11-12,K11-12,K11-12,K11-12,K11-12,K11-12,K11-12,K11-12,K11-12,K11-12,K11-12,K11-12,K11-12,K11-12,K11-12,K11-12,K11-12,K11-12,K11-12,K11-12,K11-12,K11-12,K11-12,K11-12,K11-12,K11-12,K11-12,K11-12,K11-12,K11-12,K11-12,K11-12,K11-12,K11-12,K11-12,K11-12,K11-16,K11-16,K11-16,K11-16,K11-16,K11-16,K11-16,K11-16,K11-16,K11-16,K11-16,K11-16,K11-16,K11-16,K11-16,K11-16,K11-16,K11-16,K11-16,K6-16,K6-16,K6-16,K6-16,K6-16,K6-16,K,K,K,K,K,K,K,K,K,K,K,K,K,K-L,K-L,J-L,J-L,I-L,G-L,D-L,A-L
B24,B24,B24,B24,B24,B24,B24,B24,B24,B24,B24,B24,B24,B24,B24,B24,B24,B24,B24,B24,B24,B24,B24,B24,B24,B24,B24,B24,B24,B24,B23-24,B23-24,B23-24,B23-24,B23-24,B23-24,B23-24,B23-24,B23-24,B23-24,B23-24,B23-24,B23-24,B23-24,B23-24,B23-24,B23-24,B23-24,B23-24,B23-24,B23-24,B23-24,B23-24,B23-24,B23-24,B23-24,B23-24,B23-24,B23-24,B23-24,B23-24,B23-24,B23-24,B23-24,B23-24,B23-24,B23-24,B23-24,B23-24,B23-24,B23-24,B23-27,B23-27,B23-27,B23-27,B23-27,B23-27,B23-27,B23-27,B23-27,B23-27,B23-27,B23-27,B23-27,B23-27,B23-27,B23-27,B23-27,B23-27,B23-27,B23-27,B23-27,B23-27,B23-27,B23-27,B23-27,B23-27,B23-27,B23-27,B23-27,B23-27,B23-27,B23-27,B23-27,B23-27,B23-27,B23-27,B23-27,B23-27,B23-27,B23-27,B23-27,B23-27,B23-27,B23-27,B23-27,B23-27,B23-27,B23-27,B23-27,B23-27,B23-27,B23-27,B23-27,B23-27,B23-27,B23-27,B23-27,B23-27,B23-27,B23-27,B23-27,B23-27,B23-27,B23-27,B23-27,B23-27,B23-27,B23-27,B23-27,B23-27,B23-27,B23-27,B23-27,B23-27,B23-27,B23-27,B23-27,B23-27,B23-27,B23-27,B23-27,B23-27,B23-27,B23-27,B23-27,B23-27,B23-27,B23-27,B23-27,B23-27,B23-27,B23-27,B23-27,B23-27,B23-30,B23-30,B21-30,B21-30,B21-30,B21-30,B21-30,B21-30,B21-30,B21-30,B21-30,B21-30,B21-30,B21-30,B21-30,B21-30,B15-30,B15-30,B15-30,B15-30,B15-30,B,B,B,B,B-C,B-C,B-C,B-C,B-C,A-C,A-C,A-C,A-C,A-L
F1,F1,F1,F1,F1,F1,F1,F1,F1,F1,F1,F1,F1,F1,F1,F1,F1,F1,F1,F1,F1,F1,F1,F1,F1,F1,F1,F1,F1,F1,F1,F1,F1,F1,F1,F1,F1,F1,F1,F1,F1,F1,F1,F1,F1,F1,F1,F1,F1,F1,F1,F1,F1,F1,F1,F1,F1,F1,F1,F1,F1,F1,F1,F1,F1,F1,F1,F1,F1,F1,F1,F1,F1,F1,F1,F1,F1,F1,F1,F1,F1,F1,F1,F1,F1,F1,F1,F1,F1,F1,F1,F1,F1,F1,F1,F1,F1,F1,F1,F1,F1,F1,F1,F1,F1,F1,F1,F1,F1,F1,F1,F1,F1,F1,F1,F1,F1,F1,F1,F1,F1,F1,F1,F1,F1,F1,F1-2,F1-2,F1-2,F1-2,F1-2,F1-2,F1-2,F1-2,F1-2,F1-2,F1-2,F1-2,F1-2,F1-2,F1-2,F1-2,F1-2,F1-2,F1-2,F1-2,F1-2,F1-2,F1-2,F1-2,F0-2,F0-2,F0-2,F0-2,F0-2,F0-2,F0-2,F0-2,F0-2,F0-2,F0-2,F0-2,F0-2,F0-2,F0-2,F0-2,F0-2,F0-2,F0-2,F0-2,F0-2,F0-2,F0-2,F0-2,F0-2,F0-2,F0-2,F0-2,F0-2,F0-2,F,F,F,F,F,F,F,F,F,E-F,E-F,E-F,E-F,D-F,D-F,D-F,D-F,D-F,D-L,A-L
B11,B11,B11,B11,B11,B11,B11,B11,B11,B11,B11,B11,B11,B11,B11,B11,B11,B11,B11,B11,B11,B11,B10-11,B10-11,B10-11,B10-11,B10-11,B10-11,B10-11,B10-11,B10-11,B10-11,B10-11,B10-11,B10-11,B10-11,B10-11,B10-11,B10-11,B10-11,B10-11,B10-11,B10-11,B10-11,B10-11,B10-11,B10-11,B10-11,B10-11,B10-11,B10-11,B10-11,B10-11,B10-11,B10-11,B10-11,B10-11,B10-11,B10-11,B10-11,B10-11,B10-11,B10-11,B10-11,B10-11,B10-11,B10-11,B10-11,B10-11,B10-11,B9-11,B9-11,B9-11,B9-11,B9-11,B9-11,B9-11,B9-11,B9-11,B9-11,B9-11,B9-11,B9-11,B9-11,B9-11,B9-11,B9-11,B9-11,B9-11,B9-11,B9-11,B9-11,B9-11,B9-11,B9-11,B9-11,B9-11,B9-11,B9-11,B9-11,B9-11,B9-11,B9-11,B9-11,B9-11,B9-11,B9-11,B9-11,B9-11,B9-11,B9-11,B9-11,B9-11,B9-11,B9-11,B9-11,B9-11,B9-11,B9-11,B9-11,B9-11,B9-11,B9-11,B9-11,B9-11,B9-11,B9-11,B9-14,B9-14,B9-14,B9-14,B9-14,B9-14,B9-14,B9-14,B9-14,B9-14,B9-14,B9-14,B9-14,B9-14,B9-14,B9-14,B9-14,B9-14,B9-14,B5-14,B5-14,B5-14,B5-14,B5-14,B5-14,B5-14,B5-14,B5-14,B5-14,B5-14,B5-14,B5-14,B5-14,B5-14,B5-14,B5-14,B5-14,B5-14,B5-14,B5-14,B5-14,B5-14,B0-14,B0-14,B0-14,B0-14,B0-14,B0-14,B0-14,B0-14,B0-14,B0-14,B0-14,B0-14,B0-14,B0-14,B0-14,B0-14,B0-14,B,B,B,B,B-C,B-C,B-C,B-C,B-C,A-C,A-C,A-C,A-C,A-L
K4,K4,K4,K4,K4,K4,K4,K4,K4,K4,K4,K4,K4,K4,K4,K4,K4,K4,K4,K4,K4-5,K4-5,K4-5,K4-5,K4-5,K4-5,K4-5,K4-5,K4-5,K4-5,K4-5,K4-5,K4-5,K4-5,K4-5,K4-5,K4-5,K4-5,K4-5,K4-5,K4-5,K4-5,K4-5,K4-5,K4-5,K4-5,K4-5,K4-5,K4-5,K4-5,K4-5,K4-5,K4-5,K4-5,K4-5,K4-5,K4-5,K4-5,K4-5,K4-5,K4-5,K4-5,K4-5,K4-5,K4-5,K4-5,K4-5,K4-5,K4-5,K4-5,K4-5,K4-5,K4-5,K4-5,K4-5,K4-5,K4-5,K4-5,K4-5,K4-5,K4-5,K4-5,K4-5,K4-5,K3-5,K3-5,K3-5,K3-5,K3-5,K3-5,K3-5,K3-5,K3-5,K3-5,K3-5,K3-5,K3-5,K3-5,K3-5,K3-5,K3-5,K3-5,K3-5,K3-5,K3-5,K3-5,K3-5,K3-5,K3-5,K3-5,K3-5,K3-5,K3-5,K3-5,K3-5,K3-5,K3-5,K3-5,K3-5,K3-5,K3-5,K3-5,K3-5,K3-5,K3-5,K3-5,K3-5,K3-5,K3-5,K3-5,K3-5,K3-5,K3-5,K1-5,K1-5,K1-5,K1-5,K1-5,K1-5,K1-5,K1-5,K1-5,K1-5,K1-5,K1-5,K1-5,K1-5,K1-5,K1-5,K1-5,K1-5,K1-5,K0-5,K0-5,K0-5,K0-5,K0-5,K0-5,K0-5,K0-5,K0-5,K0-5,K0-5,K0-5,K0-5,K0-5,K0-5,K0-5,K0-5,K0-5,K0-5,K0-5,K0-5,K0-5,K0-5,K0-5,K0-5,K0-5,K0-5,K,K,K,K,K,K,K,K,K,K,K,K,K,K-L,K-L,J-L,J-L,I-L,G-L,D-L,A-L
K3,K3,K3,K3,K3,K3,K3,K3,K3,K3,K3,K3,K3,K3,K3,K3,K3,K3,K3,K3,K3,K3,K3,K3,K3,K3,K3,K3,K3,K3,K3,K3,K3,K3,K3,K3,K3,K3,K3,K3,K3,K3,K3,K3,K3,K3,K3,K3,K3,K3,K3,K3,K3,K3,K3,K3,K3,K3,K3,K3,K3,K3,K3,K3,K3,K3,K3,K3,K3,K3,K3,K3,K3,K3,K3,K3,K3,K3,K3,K3,K3,K3,K3,K3,K3-5,K3-5,K3-5,K3-5,K3-5,K3-5,K3-5,K3-5,K3-5,K3-5,K3-5,K3-5,K3-5,K3-5,K3-5,K3-5,K3-5,K3-5,K3-5,K3-5,K3-5,K3-5,K3-5,K3-5,K3-5,K3-5,K3-5,K3-5,K3-5,K3-5,K3-5,K3-5,K3-5,K3-5,K3-5,K3-5,K3-5,K3-5,K3-5,K3-5,K3-5,K3-5,K3-5,K3-5,K3-5,K3-5,K3-5,K3-5,K3-5,K1-5,K1-5,K1-5,K1-5,K1-5,K1-5,K1-5,K1-5,K1-5,K1-5,K1-5,K1-5,K1-5,K1-5,K1-5,K1-5,K1-5,K1-5,K1-5,K0-5,K0-5,K0-5,K0-5,K0-5,K0-5,K0-5,K0-5,K0-5,K0-5,K0-5,K0-5,K0-5,K0-5,K0-5,K0-5,K0-5,K0-5,K0-5,K0-5,K0-5,K0-5,K0-5,K0-5,K0-5,K0-5,K0-5,K,K,K,K,K,K,K,K,K,K,K,K,K,K-L,K-L,J-L,J-L,I-L,G-L,D-L,A-L
H0,H0,H0,H0,H0,H0,H0,H0,H0,H0,H0,H0,H0,H0,H0,H0,H0,H0,H0,H0,H0,H0,H0,H0,H0,H0,H0,H0,H0,H0,H0,H0,H0,H0,H0,H0,H0,H0,H0,H0,H0,H0,H0,H0,H0,H0,H0,H0,H0,H0,H0,H0,H0,H0,H0,H0,H0,H0,H0,H0,H0,H0,H0,H0,H0,H0,H0,H0,H0,H0,H0,H0,H0,H0,H0,H0,H0,H0,H0,H0,H0,H0,H0,H0,H0,H0,H0,H0-3,H0-3,H0-3,H0-3,H0-3,H0-3,H0-3,H0-3,H0-3,H0-3,H0-3,H0-3,H0-3,H0-3,H0-3,H0-3,H0-3,H0-3,H0-3,H0-3,H0-3,H0-3,H0-3,H0-3,H0-3,H0-3,H0-3,H0-3,H0-3,H0-3,H0-3,H0-3,H0-3,H0-3,H0-3,H0-3,H0-3,H0-3,H0-3,H0-3,H0-3,H0-3,H0-3,H0-3,H0-3,H0-3,H0-3,H0-3,H0-3,H0-3,H0-3,H0-3,H0-3,H0-3,H0-3,H0-3,H0-3,H0-3,H0-3,H0-3,H0-3,H0-10,H0-10,H0-10,H0-10,H0-10,H0-10,H0-10,H0-10,H0-10,H0-10,H0-10,H0-10,H0-10,H0-10,H0-10,H0-10,H0-10,H0-10,H0-10,H0-10,H0-10,H0-10,H0-10,H0-10,H0-10,H0-10,H0-10,H0-10,H0-10,H0-10,H,H,H,H,H,H,H,H,H,H,H,H,H,G-H,G-H,G-H,G-H,G-H,G-H,G-L,D-L,A-L
L0,L0,L0,L0,L0,L0,L0,L0,L0,L0,L0,L0,L0,L0,L0,L0,L0,L0,L0,L0,L0,L0,L0,L0,L0,L0,L0,L0,L0,L0,L0,L0,L0,L0,L0,L0,L0,L0,L0,L0,L0,L0,L0,L0,L0,L0,L0,L0,L0,L0,L0,L0,L0,L0,L0,L0,L0,L0,L0,L0,L0,L0,L0,L0,L0,L0,L0,L0,L0,L0,L0,L0,L0,L0,L0,L0,L0,L0,L0,L0,L0,L0,L0,L0-2,L0-2,L0-2,L0-2,L0-2,L0-2,L0-2,L0-2,L0-2,L0-2,L0-2,L0-2,L0-2,L0-2,L0-2,L0-2,L0-2,L0-2,L0-2,L0-2,L0-2,L0-2,L0-2,L0-2,L0-2,L0-2,L0-2,L0-2,L0-2,L0-2,L0-2,L0-2,L0-2,L0-2,L0-2,L0-2,L0-2,L0-2,L0-2,L0-2,L0-2,L0-2,L0-2,L0-2,L0-2,L0-2,L0-2,L0-2,L0-2,L0-2,L0-2,L0-2,L0-2,L0-2,L0-2,L0-2,L0-2,L0-2,L0-2,L0-2,L0-2,L0-2,L0-2,L0-2,L0-2,L0-2,L0-2,L0-2,L0-2,L0-2,L0-2,L0-2,L0-2,L0-2,L0-2,L0-2,L0-2,L0-2,L0-2,L0-2,L0-2,L0-2,L0-2,L0-2,L0-2,L0-2,L0-2,L0-2,L0-2,L0-12,L0-12,L0-12,L0-12,L0-12,L0-12,L0-12,L0-12,L0-12,L0-12,L0-12,L0-12,L,L,L,L,L,L,L,L,K-L,K-L,J-L,J-L,I-L,G-L,D-L,A-L
B29,B29,B29,B29,B29,B29,B29,B29,B29,B29,B29,B29,B29,B29,B29,B29,B29,B29,B29,B29,B29,B29,B29,B29,B29,B29,B29,B29,B29,B29,B29,B29,B29,B29,B29,B29,B29,B29,B29,B29,B29,B29,B29,B29,B29,B29,B29,B29,B29,B29,B29,B29,B29,B29,B29,B29,B29,B29,B29,B29,B29,B29,B29,B29,B29,B29,B29,B29,B29,B29,B29,B29,B29,B29,B29,B29,B29,B29,B29,B29,B29,B29,B29,B29,B29,B29,B29,B29,B29,B29,B29,B29,B29,B29,B29,B29,B29,B29,B29,B29,B29,B29,B29,B29,B29,B29,B29,B29,B29,B29,B29-30,B29-30,B29-30,B29-30,B29-30,B29-30,B29-30,B29-30,B29-30,B29-30,B29-30,B29-30,B29-30,B29-30,B29-30,B29-30,B29-30,B29-30,B29-30,B29-30,B29-30,B29-30,B29-30,B29-30,B29-30,B29-30,B29-30,B28-30,B28-30,B28-30,B28-30,B28-30,B28-30,B28-30,B28-30,B28-30,B28-30,B28-30,B28-30,B28-30,B28-30,B28-30,B28-30,B28-30,B28-30,B28-30,B28-30,B28-30,B28-30,B28-30,B28-30,B28-30,B28-30,B28-30,B28-30,B23-30,B23-30,B21-30,B21-30,B21-30,B21-30,B21-30,B21-30,B21-30,B21-30,B21-30,B21-30,B21-30,B21-30,B21-30,B21-30,B15-30,B15-30,B15-30,B15-30,B15-30,B,B,B,B,B-C,B-C,B-C,B-C,B-C,A-C,A-C,A-C,A-C,A-L
L9,L9,L9,L9,L9,L9,L9,L9,L9,L9,L9,L9,L9,L9,L9,L9,L9,L9,L8-9,L8-9,L8-9,L8-9,L8-9,L8-9,L8-9,L8-9,L8-9,L8-9,L8-9,L8-9,L8-9,L8-9,L8-9,L8-9,L8-9,L8-9,L8-9,L8-9,L8-9,L8-9,L8-9,L8-9,L8-9,L7-9,L7-9,L7-9,L7-9,L7-9,L7-9,L7-9,L7-9,L7-9,L7-9,L7-9,L7-9,L7-9,L7-9,L7-9,L7-9,L7-9,L7-9,L7-9,L7-9,L7-9,L7-9,L7-9,L7-9,L7-9,L7-9,L7-9,L7-9,L7-9,L7-9,L7-9,L7-9,L7-9,L7-9,L7-9,L7-9,L7-9,L7-9,L7-9,L7-9,L7-9,L7-9,L7-9,L7-9,L7-9,L7-9,L7-9,L7-9,L7-9,L7-9,L7-9,L7-9,L7-9,L7-9,L7-9,L7-9,L7-9,L7-9,L7-9,L7-9,L7-9,L7-9,L7-9,L7-9,L7-9,L7-12,L7-12,L7-12,L7-12,L7-12,L7-12,L7-12,L7-12,L7-12,L7-12,L7-12,L7-12,L7-12,L7-12,L7-12,L7-12,L7-12,L7-12,L7-12,L7-12,L7-12,L7-12,L7-12,L7-12,L7-12,L7-12,L7-12,L7-12,L7-12,L7-12,L7-12,L7-12,L7-12,L7-12,L7-12,L7-12,L7-12,L7-12,L7-12,L7-12,L7-12,L7-12,L7-12,L7-12,L7-12,L7-12,L7-12,L7-12,L7-12,L7-12,L3-12,L3-12,L3-12,L3-12,L3-12,L3-12,L3-12,L3-12,L3-12,L3-12,L3-12,L3-12,L3-12,L3-12,L0-12,L0-12,L0-12,L0-12,L0-12,L0-12,L0-12,L0-12,L0-12,L0-12,L0-12,L0-12,L,L,L,L,L,L,L,L,K-L,K-L,J-L,J-L,I-L,G-L,D-L,A-L
I13,I13,I13,I13,I13,I13,I13,I13,I13,I13,I13,I13,I13,I13,I13,I13,I13,I13,I13,I13,I13,I13,I13,I13,I13,I13,I13,I13,I13,I13,I13,I13,I13,I13,I13,I13,I13,I13,I13,I13,I13,I13,I13,I13,I13,I13,I13,I13,I13,I13,I13,I13,I13,I13,I13,I13,I13,I13,I13,I13,I13,I13,I13,I13,I13,I13,I13,I13,I13,I13,I13,I13,I13,I13,I13,I13,I13,I13,I13,I13,I13,I13,I13,I13,I13,I13,I13,I13,I13,I13,I13,I13,I13,I13,I13,I13,I13,I13,I13,I13,I13,I12-13,I12-13,I12-13,I12-13,I12-13,I12-13,I12-13,I12-13,I12-13,I12-13,I12-13,I12-13,I12-13,I12-13,I12-13,I12-13,I12-13,I12-13,I12-13,I12-13,I12-13,I12-13,I12-13,I12-13,I12-13,I12-13,I12-13,I12-13,I12-13,I12-13,I12-13,I12-13,I12-13,I12-13,I12-13,I12-13,I12-13,I12-13,I11-13,I11-13,I11-13,I11-13,I11-13,I11-13,I11-13,I11-13,I11-13,I11-13,I11-13,I11-13,I11-13,I11-13,I11-13,I11-13,I11-13,I11-13,I11-13,I11-13,I10-13,I10-13,I10-13,I10-13,I10-13,I10-13,I10-13,I10-13,I10-13,I10-13,I10-13,I6-13,I6-13,I6-13,I6-13,I6-13,I6-13,I6-13,I6-13,I6-13,I6-13,I6-13,I6-13,I,I,I,I,I,I,I,I,I,I,I,I,I,I,I-L,G-L,D-L,A-L
C12,C12,C12,C12,C12,C12,C12,C12,C12,C12,C12,C12,C12,C12,C12,C12,C12,C12,C12,C12,C12,C12,C12,C12,C12,C12,C12,C12,C12,C12,C12,C12,C12,C12,C12,C12,C12,C12,C12,C12,C12,C12,C12,C12,C12,C12,C12,C12,C12,C12,C12,C12,C12,C12,C12,C12,C12,C12,C12,C12,C12,C12,C12,C12,C12,C12,C12,C12,C12,C12,C12,C12,C12,C12,C12,C12,C12,C12,C12,C12,C12,C12,C12,C12,C12,C12,C12,C12,C12,C12,C12,C12,C12,C12,C12,C12,C12,C12,C12,C12,C12,C12,C12,C12,C12,C12,C12,C12,C12,C12,C12,C12,C11-12,C11-12,C11-12,C11-12,C11-12,C11-12,C11-12,C11-12,C11-12,C11-12,C11-12,C11-12,C11-12,C11-12,C11-12,C11-12,C11-12,C11-12,C10-12,C10-12,C10-12,C10-12,C10-12,C10-12,C10-12,C10-12,C10-12,C10-12,C10-12,C10-12,C10-12,C10-12,C10-12,C10-12,C10-12,C10-12,C10-12,C10-12,C10-12,C10-12,C10-12,C10-12,C10-12,C10-12,C10-12,C7-12,C7-12,C7-12,C7-12,C7-12,C7-12,C7-12,C5-12,C5-12,C5-12,C5-12,C5-12,C5-12,C5-12,C5-12,C5-12,C5-12,C5-12,C5-12,C5-12,C5-12,C5-12,C5-12,C5-12,C5-12,C5-12,C5-12,C5-12,C5-12,C5-12,C5-12,C,C,B-C,B-C,B-C,B-C,B-C,A-C,A-C,A-C,A-C,A-L
G7,G7,G7,G7,G7,G7,G7,G7,G7,G7,G7,G7,G7,G7,G7,G7,G7,G7,G7,G7,G7,G7,G7,G7,G7,G7,G7,G7,G7,G7,G7,G7,G7,G7,G7,G7,G7,G7,G7,G7,G7,G7,G7,G7,G7,G7,G7,G7,G7,G7,G7,G7,G7,G7,G7,G7,G6-7,G6-7,G6-7,G6-7,G6-7,G6-7,G6-7,G6-7,G6-7,G6-7,G6-7,G6-7,G6-7,G6-7,G6-7,G6-7,G6-7,G6-7,G6-7,G6-7,G6-7,G6-7,G6-7,G6-7,G6-7,G6-7,G6-7,G6-7,G6-7,G6-7,G6-7,G6-7,G6-7,G6-7,G6-7,G6-7,G6-7,G5-7,G5-7,G5-7,G5-7,G5-7,G5-7,G5-7,G5-7,G5-7,G5-7,G5-7,G5-7,G5-7,G5-7,G5-7,G5-7,G5-7,G5-7,G5-7,G5-7,G5-7,G5-7,G5-7,G5-7,G5-7,G4-7,G4-7,G4-7,G4-7,G4-7,G4-7,G4-7,G4-7,G4-7,G4-7,G4-7,G4-7,G4-7,G4-7,G4-7,G4-7,G4-7,G4-7,G4-7,G4-7,G4-7,G4-7,G4-7,G4-7,G4-7,G4-7,G4-7,G4-7,G4-7,G4-7,G4-7,G4-7,G4-7,G4-7,G4-7,G4-9,G4-9,G4-9,G4-9,G4-9,G4-9,G4-9,G4-9,G4-9,G4-9,G4-9,G4-9,G4-9,G4-9,G4-9,G4-9,G4-9,G4-9,G,G,G,G,G,G,G,G,G,G,G,G,G,G,G,G,G,G,G,G,G-H,G-H,G-H,G-H,G-H,G-H,G-L,D-L,A-L
A7,A7,A7,A7,A7,A7,A7,A7,A7,A7,A7,A7,A7,A7,A7,A7,A7,A7,A7,A7,A7,A7,A7,A7,A7,A7,A7,A7,A7,A7,A7,A7,A7,A7,A7,A7,A7,A7,A7,A7,A7,A7,A7,A7,A7,A7,A7,A7,A7,A7,A7,A7,A7,A7,A7,A7,A7,A7,A7,A7,A7,A7,A7,A7,A7,A7,A7,A7,A7,A7,A7,A7,A7,A7,A7,A7,A7,A7,A7,A7,A7,A7,A7,A7,A7,A7,A7,A7,A7,A7,A7,A7,A7-8,A7-8,A7-8,A7-8,A7-8,A7-8,A7-8,A7-8,A7-8,A7-8,A7-8,A7-8,A7-8,A7-8,A7-8,A7-8,A7-8,A7-8,A7-8,A7-8,A7-8,A7-8,A7-8,A7-8,A7-8,A7-8,A7-8,A7-8,A7-8,A6-8,A6-8,A6-8,A6-8,A6-8,A6-8,A6-8,A6-8,A6-8,A6-8,A6-8,A6-8,A6-8,A6-8,A6-8,A6-8,A6-8,A6-8,A6-8,A6-8,A6-8,A6-8,A6-8,A6-8,A6-8,A6-8,A6-8,A6-8,A6-8,A6-8,A4-8,A4-8,A4-8,A4-8,A4-8,A4-8,A4-8,A4-8,A4-8,A4-8,A4-8,A4-8,A4-8,A4-8,A4-8,A4-8,A4-8,A4-8,A4-8,A4-8,A4-8,A4-8,A4-8,A4-8,A0-8,A0-8,A0-8,A0-8,A0-8,A0-8,A0-8,A0-8,A0-8,A0-8,A0-8,A0-8,A,A,A,A,A,A,A,A,A-C,A-C,A-C,A-C,A-L
L2,L2,L2,L2,L2,L2,L2,L2,L2,L2,L2,L2,L2,L2,L2,L2,L2,L2,L2,L2,L2,L2,L2,L2,L2,L2,L2,L2,L2,L2,L2,L2,L2,L2,L2,L2,L2,L2,L2,L2,L2,L2,L2,L2,L2,L2,L2,L2,L2,L2,L2,L2,L2,L2,L2,L2,L2,L2,L2,L2,L2,L2,L2,L2,L1-2,L1-2,L1-2,L1-2,L1-2,L1-2,L1-2,L1-2,L1-2,L1-2,L1-2,L1-2,L1-2,L1-2,L1-2,L1-2,L1-2,L1-2,L1-2,L0-2,L0-2,L0-2,L0-2,L0-2,L0-2,L0-2,L0-2,L0-2,L0-2,L0-2,L0-2,L0-2,L0-2,L0-2,L0-2,L0-2,L0-2,L0-2,L0-2,L0-2,L0-2,L0-2,L0-2,L0-2,L0-2,L0-2,L0-2,L0-2,L0-2,L0-2,L0-2,L0-2,L0-2,L0-2,L0-2,L0-2,L0-2,L0-2,L0-2,L0-2,L0-2,L0-2,L0-2,L0-2,L0-2,L0-2,L0-2,L0-2,L0-2,L0-2,L0-2,L0-2,L0-2,L0-2,L0-2,L0-2,L0-2,L0-2,L0-2,L0-2,L0-2,L0-2,L0-2,L0-2,L0-2,L0-2,L0-2,L0-2,L0-2,L0-2,L0-2,L0-2,L0-2,L0-2,L0-2,L0-2,L0-2,L0-2,L0-2,L0-2,L0-2,L0-2,L0-2,L0-2,L0-2,L0-2,L0-2,L0-2,L0-12,L0-12,L0-12,L0-12,L0-12,L0-12,L0-12,L0-12,L0-12,L0-12,L0-12,L0-12,L,L,L,L,L,L,L,L,K-L,K-L,J-L,J-L,I-L,G-L,D-L,A-L
D10,D10,D10-11,D10-11,D10-11,D10-11,D10-11,D10-11,D10-11,D10-11,D10-11,D10-11,D10-11,D10-11,D10-11,D10-11,D10-11,D10-11,D10-11,D10-11,D10-11,D10-11,D10-11,D10-11,D10-11,D10-11,D10-11,D10-11,D10-11,D10-11,D10-11,D10-11,D10-11,D10-11,D10-11,D10-11,D10-11,D10-11,D10-11,D10-11,D10-11,D10-11,D10-11,D10-11,D10-11,D10-11,D10-11,D10-11,D10-11,D10-11,D10-11,D10-11,D10-11,D10-11,D10-11,D10-11,D10-11,D10-11,D10-11,D10-11,D10-11,D10-11,D10-11,D10-11,D10-11,D10-11,D10-11,D10-11,D10-11,D10-11,D10-11,D10-11,D10-11,D10-11,D10-11,D10-11,D10-11,D10-11,D10-11,D10-11,D10-11,D10-11,D10-11,D10-11,D10-11,D10-11,D10-11,D10-11,D10-11,D10-11,D10-11,D10-11,D10-11,D10-11,D10-11,D10-11,D10-11,D10-11,D10-11,D10-11,D10-11,D10-11,D10-11,D10-11,D10-11,D10-11,D10-11,D10-11,D10-11,D10-11,D10-11,D10-11,D10-11,D10-11,D10-11,D10-11,D10-11,D10-11,D10-11,D10-11,D10-11,D10-11,D10-11,D10-11,D10-11,D10-11,D10-11,D10-11,D10-11,D10-11,D10-11,D10-11,D10-11,D10-11,D10-11,D10-11,D10-14,D10-14,D10-14,D10-14,D10-14,D10-14,D10-14,D10-14,D10-14,D10-14,D10-14,D10-14,D10-14,D10-14,D10-14,D10-14,D10-14,D10-14,D10-14,D10-14,D10-14,D10-14,D10-14,D10-14,D10-14,D10-14,D10-14,D10-14,D10-14,D10-14,D8-14,D8-14,D8-14,D8-14,D8-14,D8-14,D8-14,D8-14,D8-14,D8-14,D8-14,D8-14,D8-14,D8-14,D8-14,D8-14,D8-14,D,D,D,D,D,D,D,D,D,D,D-F,D-F,D-F,D-F,D-F,D-L,A-L
B30,B30,B30,B30,B30,B30,B30,B30,B30,B30,B30,B30,B30,B30,B30,B30,B30,B30,B30,B30,B30,B30,B30,B30,B30,B30,B30,B30,B30,B30,B30,B30,B30,B30,B30,B30,B30,B30,B30,B30,B30,B30,B30,B30,B30,B30,B30,B30,B30,B30,B30,B30,B30,B30,B30,B30,B30,B30,B30,B30,B30,B30,B30,B30,B30,B30,B30,B30,B30,B30,B30,B30,B30,B30,B30,B30,B30,B30,B30,B30,B30,B30,B30,B30,B30,B30,B30,B30,B30,B30,B30,B30,B30,B30,B30,B30,B30,B30,B30,B30,B30,B30,B30,B30,B30,B30,B30,B30,B30,B30,B29-30,B29-30,B29-30,B29-30,B29-30,B29-30,B29-30,B29-30,B29-30,B29-30,B29-30,B29-30,B29-30,B29-30,B29-30,B29-30,B29-30,B29-30,B29-30,B29-30,B29-30,B29-30,B29-30,B29-30,B29-30,B29-30,B29-30,B28-30,B28-30,B28-30,B28-30,B28-30,B28-30,B28-30,B28-30,B28-30,B28-30,B28-30,B28-30,B28-30,B28-30,B28-30,B28-30,B28-30,B28-30,B28-30,B28-30,B28-30,B28-30,B28-30,B28-30,B28-30,B28-30,B28-30,B28-30,B23-30,B23-30,B21-30,B21-30,B21-30,B21-30,B21-30,B21-30,B21-30,B21-30,B21-30,B21-30,B21-30,B21-30,B21-30,B21-30,B15-30,B15-30,B15-30,B15-30,B15-30,B,B,B,B,B-C,B-C,B-C,B-C,B-C,A-C,A-C,A-C,A-C,A-L
K10,K10,K10,K10,K10,K10,K10,K10,K10,K10,K10,K10,K10,K10,K10,K10,K10,K10,K10,K10,K10,K10,K10,K10,K10,K10,K10,K10,K10,K10,K10,K10,K10,K10,K10,K10,K9-10,K9-10,K9-10,K9-10,K9-10,K9-10,K9-10,K9-10,K9-10,K9-10,K9-10,K9-10,K9-10,K9-10,K9-10,K9-10,K9-10,K9-10,K9-10,K9-10,K9-10,K9-10,K9-10,K9-10,K9-10,K9-10,K9-10,K9-10,K9-10,K9-10,K9-10,K9-10,K8-10,K8-10,K8-10,K8-10,K8-10,K8-10,K8-10,K8-10,K8-10,K8-10,K8-10,K8-10,K8-10,K8-10,K8-10,K8-10,K8-10,K8-10,K8-10,K8-10,K8-10,K8-10,K8-10,K8-10,K8-10,K8-10,K8-10,K8-10,K8-10,K8-10,K8-10,K8-10,K8-10,K8-10,K8-10,K8-10,K8-10,K8-10,K8-10,K8-10,K8-10,K8-10,K8-10,K8-10,K8-10,K8-10,K8-10,K8-10,K8-10,K8-10,K8-10,K6-10,K6-10,K6-10,K6-10,K6-10,K6-10,K6-10,K6-10,K6-10,K6-10,K6-10,K6-10,K6-10,K6-10,K6-10,K6-10,K6-10,K6-10,K6-10,K6-10,K6-10,K6-10,K6-10,K6-10,K6-10,K6-10,K6-10,K6-10,K6-10,K6-10,K6-10,K6-10,K6-10,K6-10,K6-10,K6-10,K6-10,K6-10,K6-10,K6-10,K6-10,K6-10,K6-10,K6-10,K6-10,K6-10,K6-10,K6-10,K6-10,K6-10,K6-10,K6-10,K6-10,K6-10,K6-16,K6-16,K6-16,K6-16,K6-16,K6-16,K,K,K,K,K,K,K,K,K,K,K,K,K,K-L,K-L,J-L,J-L,I-L,G-L,D-L,A-L
J23,J23,J23,J23,J23,J23,J23,J23,J23,J23,J23,J23,J23,J23,J23,J23,J23,J23,J23,J23,J23,J23,J23,J23,J23,J23,J23,J23,J23,J23,J23,J23,J23,J23,J23,J23,J23,J23,J23,J23,J23,J23,J23,J23,J23,J23,J23,J23,J23,J23,J23,J23,J23,J23,J23,J23,J23,J23,J23,J23-26,J23-26,J23-26,J23-26,J23-26,J23-26,J23-26,J23-26,J23-26,J23-26,J23-26,J23-26,J23-26,J23-26,J23-26,J23-26,J23-26,J23-26,J23-26,J23-26,J23-26,J23-26,J23-26,J23-26,J23-26,J23-26,J23-26,J23-26,J23-26,J23-26,J23-26,J23-26,J20-26,J20-26,J20-26,J20-26,J20-26,J20-26,J20-26,J20-26,J20-26,J20-26,J20-26,J20-26,J20-26,J20-26,J20-26,J20-26,J20-26,J20-26,J20-26,J20-26,J20-26,J20-26,J20-26,J20-26,J20-26,J20-26,J20-26,J20-26,J20-26,J20-26,J20-26,J20-26,J20-26,J20-26,J20-26,J20-26,J20-26,J20-26,J20-26,J20-26,J20-26,J20-26,J20-26,J20-26,J20-26,J20-26,J20-26,J20-26,J20-26,J20-26,J20-26,J20-26,J20-26,J17-26,J17-26,J17-26,J17-26,J17-26,J17-26,J17-26,J17-26,J17-26,J17-26,J17-26,J17-26,J17-26,J17-26,J17-26,J17-26,J17-26,J17-26,J17-26,J17-26,J17-26,J17-26,J17-26,J17-26,J17-26,J17-26,J17-26,J17-26,J17-26,J17-26,J17-26,J17-26,J11-26,J11-26,J11-26,J11-26,J11-26,J11-26,J11-26,J11-26,J11-26,J,J,J,J,J,J,J,J,J,J-L,J-L,I-L,G-L,D-L,A-L
G8,G8,G8,G8,G8,G8,G8,G8,G8,G8,G8,G8,G8,G8,G8,G8,G8,G8,G8,G8,G8,G8,G8,G8,G8,G8,G8,G8,G8,G8,G8,G8,G8,G8,G8,G8,G8,G8,G8,G8,G8,G8,G8,G8,G8,G8,G8,G8,G8,G8,G8,G8,G8,G8,G8,G8,G8,G8,G8,G8,G8,G8,G8,G8,G8,G8,G8,G8,G8,G8,G8,G8,G8,G8,G8,G8,G8,G8,G8,G8,G8,G8,G8,G8,G8,G8,G8,G8,G8,G8,G8,G8,G8,G8,G8,G8,G8,G8,G8,G8,G8,G8,G8,G8,G8,G8,G8,G8,G8,G8,G8,G8,G8,G8,G8,G8,G8,G8,G8,G8,G8,G8,G8,G8,G8,G8,G8,G8,G8,G8,G8,G8,G8,G8,G8,G8-9,G8-9,G8-9,G8-9,G8-9,G8-9,G8-9,G8-9,G8-9,G8-9,G8-9,G8-9,G8-9,G8-9,G8-9,G8-9,G8-9,G8-9,G4-9,G4-9,G4-9,G4-9,G4-9,G4-9,G4-9,G4-9,G4-9,G4-9,G4-9,G4-9,G4-9,G4-9,G4-9,G4-9,G4-9,G4-9,G,G,G,G,G,G,G,G,G,G,G,G,G,G,G,G,G,G,G,G,G-H,G-H,G-H,G-H,G-H,G-H,G-L,D-L,A-L
E3,E3,E3,E3,E3,E3,E3,E3,E3,E3,E3,E3,E3,E3,E3,E3,E3,E3,E3,E3,E3,E3,E3,E3,E3,E3,E3,E3,E3,E3,E3,E3,E3,E3,E3,E3,E3,E3,E3,E3,E3,E3,E3,E3,E3,E3,E3,E3,E3,E3,E3,E3,E3,E3,E3,E3,E3,E3,E3,E3,E3,E3,E3,E3,E3,E3,E3,E3,E3,E3,E3,E3,E3,E3,E3,E3,E3,E3,E3,E3,E3,E3,E3,E3,E3,E3,E3,E3,E3,E3,E3,E3,E3,E3,E3,E3-4,E3-4,E3-4,E3-4,E3-4,E3-4,E3-4,E3-4,E3-4,E3-4,E3-4,E3-4,E3-4,E3-4,E3-4,E3-4,E3-4,E3-4,E3-4,E3-4,E3-4,E3-4,E3-4,E3-4,E3-4,E2-4,E2-4,E2-4,E2-4,E2-4,E2-4,E2-4,E2-4,E2-4,E2-4,E2-4,E2-4,E2-4,E2-4,E2-4,E2-4,E2-4,E2-4,E2-4,E2-4,E2-4,E2-4,E2-4,E2-4,E2-4,E2-4,E2-4,E2-4,E2-4,E2-4,E2-4,E2-4,E2-4,E2-4,E2-4,E2-4,E2-4,E2-4,E2-4,E2-4,E,E,E,E,E,E,E,E,E,E,E,E,E,E,E,E,E,E,E,E,E,E,E,E,E,E,E,E,E,E-F,E-F,E-F,E-F,D-F,D-F,D-F,D-F,D-F,D-L,A-L
K16,K16,K16,K16,K16,K16,K16,K16,K16,K16,K16,K16,K16,K16,K16,K16,K16,K16,K16,K16,K16,K16,K16,K16,K16,K16,K16,K16,K16,K16,K16,K16,K16,K16,K16,K16,K16,K16,K16,K16,K16,K16,K16,K16,K16,K16,K16,K16,K16,K16,K16,K16,K16,K16,K16,K16,K16,K16,K16,K16,K16,K16,K16,K16,K16,K16,K16,K16,K16,K16,K16,K16,K16,K16,K16,K16,K16,K16,K16,K16,K16,K16,K16,K16,K16,K16,K16,K16,K16,K16,K16,K16,K16,K16,K16,K16,K16,K16,K16,K15-16,K15-16,K15-16,K15-16,K15-16,K15-16,K15-16,K15-16,K15-16,K15-16,K15-16,K15-16,K15-16,K15-16,K15-16,K15-16,K15-16,K15-16,K13-16,K13-16,K13-16,K13-16,K13-16,K13-16,K13-16,K13-16,K13-16,K13-16,K13-16,K13-16,K13-16,K13-16,K13-16,K13-16,K13-16,K13-16,K13-16,K13-16,K13-16,K13-16,K13-16,K13-16,K13-16,K13-16,K13-16,K13-16,K13-16,K13-16,K13-16,K13-16,K13-16,K13-16,K13-16,K13-16,K13-16,K11-16,K11-16,K11-16,K11-16,K11-16,K11-16,K11-16,K11-16,K11-16,K11-16,K11-16,K11-16,K11-16,K11-16,K11-16,K11-16,K11-16,K11-16,K11-16,K6-16,K6-16,K6-16,K6-16,K6-16,K6-16,K,K,K,K,K,K,K,K,K,K,K,K,K,K-L,K-L,J-L,J-L,I-L,G-L,D-L,A-L
K14,K14,K14,K14,K14,K14,K14,K14,K14,K14,K14,K14,K14,K14,K14,K14,K14,K14,K14,K14,K14,K14,K14,K14,K14,K14,K14,K14,K14,K14,K14,K14,K14,K14,K14,K14,K14,K14,K14,K14,K14,K14,K14,K14,K14,K14,K14,K13-14,K13-14,K13-14,K13-14,K13-14,K13-14,K13-14,K13-14,K13-14,K13-14,K13-14,K13-14,K13-14,K13-14,K13-14,K13-14,K13-14,K13-14,K13-14,K13-14,K13-14,K13-14,K13-14,K13-14,K13-14,K13-14,K13-14,K13-14,K13-14,K13-14,K13-14,K13-14,K13-14,K13-14,K13-14,K13-14,K13-14,K13-14,K13-14,K13-14,K13-14,K13-14,K13-14,K13-14,K13-14,K13-14,K13-14,K13-14,K13-14,K13-14,K13-14,K13-14,K13-14,K13-14,K13-14,K13-14,K13-14,K13-14,K13-14,K13-14,K13-14,K13-14,K13-14,K13-14,K13-14,K13-14,K13-14,K13-14,K13-14,K13-14,K13-16,K13-16,K13-16,K13-16,K13-16,K13-16,K13-16,K13-16,K13-16,K13-16,K13-16,K13-16,K13-16,K13-16,K13-16,K13-16,K13-16,K13-16,K13-16,K13-16,K13-16,K13-16,K13-16,K13-16,K13-16,K13-16,K13-16,K13-16,K13-16,K13-16,K13-16,K13-16,K13-16,K13-16,K13-16,K13-16,K13-16,K11-16,K11-16,K11-16,K11-16,K11-16,K11-16,K11-16,K11-16,K11-16,K11-16,K11-16,K11-16,K11-16,K11-16,K11-16,K11-16,K11-16,K11-16,K11-16,K6-16,K6-16,K6-16,K6-16,K6-16,K6-16,K,K,K,K,K,K,K,K,K,K,K,K,K,K-L,K-L,J-L,J-L,I-L,G-L,D-L,A-L
A8,A8,A8,A8,A8,A8,A8,A8,A8,A8,A8,A8,A8,A8,A8,A8,A8,A8,A8,A8,A8,A8,A8,A8,A8,A8,A8,A8,A8,A8,A8,A8,A8,A8,A8,A8,A8,A8,A8,A8,A8,A8,A8,A8,A8,A8,A8,A8,A8,A8,A8,A8,A8,A8,A8,A8,A8,A8,A8,A8,A8,A8,A8,A8,A8,A8,A8,A8,A8,A8,A8,A8,A8,A8,A8,A8,A8,A8,A8,A8,A8,A8,A8,A8,A8,A8,A8,A8,A8,A8,A8,A8,A7-8,A7-8,A7-8,A7-8,A7-8,A7-8,A7-8,A7-8,A7-8,A7-8,A7-8,A7-8,A7-8,A7-8,A7-8,A7-8,A7-8,A7-8,A7-8,A7-8,A7-8,A7-8,A7-8,A7-8,A7-8,A7-8,A7-8,A7-8,A7-8,A6-8,A6-8,A6-8,A6-8,A6-8,A6-8,A6-8,A6-8,A6-8,A6-8,A6-8,A6-8,A6-8,A6-8,A6-8,A6-8,A6-8,A6-8,A6-8,A6-8,A6-8,A6-8,A6-8,A6-8,A6-8,A6-8,A6-8,A6-8,A6-8,A6-8,A4-8,A4-8,A4-8,A4-8,A4-8,A4-8,A4-8,A4-8,A4-8,A4-8,A4-8,A4-8,A4-8,A4-8,A4-8,A4-8,A4-8,A4-8,A4-8,A4-8,A4-8,A4-8,A4-8,A4-8,A0-8,A0-8,A0-8,A0-8,A0-8,A0-8,A0-8,A0-8,A0-8,A0-8,A0-8,A0-8,A,A,A,A,A,A,A,A,A-C,A-C,A-C,A-C,A-L
H14,H14,H14,H14,H14,H14,H14,H14,H14,H14,H14,H14,H14,H14,H14,H14,H14,H14,H14,H14,H14,H14,H14,H14,H14,H14,H14,H14,H14,H14,H14,H14,H14,H14,H14,H14,H14,H14,H14,H14,H14,H14,H14,H14,H14,H14,H14,H14,H14,H14,H14,H14,H14,H14,H14,H14,H14,H14,H14,H14,H14,H14,H14,H14,H14,H14,H14,H14,H14,H14,H14,H14,H14,H14,H14,H14,H14,H14,H14,H14,H14,H14,H14,H14,H14,H14,H14,H14,H14,H14,H14,H14,H14,H14,H14,H14,H14,H14,H14,H14,H14,H14,H14,H14,H14,H14,H14,H14,H14,H14,H14,H14,H14,H14,H14,H14,H14,H14,H14,H14,H14,H14,H14-16,H14-16,H14-16,H14-16,H14-16,H14-16,H14-16,H14-16,H14-16,H14-16,H14-16,H14-16,H14-16,H14-16,H14-16,H14-16,H14-16,H14-16,H14-16,H14-16,H14-16,H14-16,H14-16,H14-16,H14-16,H14-16,H14-16,H14-16,H14-16,H14-16,H14-16,H14-16,H14-16,H14-16,H14-16,H14-16,H14-16,H14-16,H14-16,H14-16,H14-16,H11-16,H11-16,H11-16,H11-16,H11-16,H11-16,H11-16,H11-16,H11-16,H11-16,H11-16,H11-16,H11-16,H11-16,H11-16,H,H,H,H,H,H,H,H,H,H,H,H,H,G-H,G-H,G-H,G-H,G-H,G-H,G-L,D-L,A-L
H4,H4,H4,H4,H4,H4,H4,H4,H4,H4,H4,H4,H4,H4,H4,H4,H4,H4,H4,H4,H4,H4,H4,H4,H4,H4,H4,H4,H4,H4,H4,H4-6,H4-6,H4-6,H4-6,H4-6,H4-6,H4-6,H4-6,H4-6,H4-6,H4-6,H4-6,H4-6,H4-6,H4-6,H4-6,H4-6,H4-6,H4-6,H4-6,H4-6,H4-6,H4-6,H4-6,H4-6,H4-6,H4-6,H4-6,H4-6,H4-6,H4-6,H4-6,H4-6,H4-6,H4-6,H4-6,H4-6,H4-6,H4-6,H4-6,H4-6,H4-6,H4-6,H4-6,H4-6,H4-6,H4-6,H4-6,H4-6,H4-6,H4-6,H4-6,H4-6,H4-6,H4-6,H4-6,H4-6,H4-6,H4-6,H4-6,H4-6,H4-6,H4-6,H4-6,H4-6,H4-6,H4-6,H4-6,H4-6,H4-6,H4-6,H4-6,H4-6,H4-6,H4-6,H4-6,H4-6,H4-6,H4-6,H4-6,H4-6,H4-6,H4-6,H4-6,H4-6,H4-6,H4-6,H4-6,H4-6,H4-6,H4-6,H4-6,H4-6,H4-6,H4-6,H4-6,H4-6,H4-6,H4-6,H4-6,H4-6,H4-10,H4-10,H4-10,H4-10,H4-10,H4-10,H4-10,H4-10,H4-10,H4-10,H4-10,H4-10,H4-10,H4-10,H4-10,H4-10,H0-10,H0-10,H0-10,H0-10,H0-10,H0-10,H0-10,H0-10,H0-10,H0-10,H0-10,H0-10,H0-10,H0-10,H0-10,H0-10,H0-10,H0-10,H0-10,H0-10,H0-10,H0-10,H0-10,H0-10,H0-10,H0-10,H0-10,H0-10,H0-10,H0-10,H,H,H,H,H,H,H,H,H,H,H,H,H,G-H,G-H,G-H,G-H,G-H,G-H,G-L,D-L,A-L
H8,H8,H8,H8,H8,H8,H8,H8,H8,H8,H8,H8,H8,H8,H8,H8,H8,H7-8,H7-8,H7-8,H7-8,H7-8,H7-8,H7-8,H7-8,H7-8,H7-8,H7-8,H7-8,H7-8,H7-8,H7-8,H7-10,H7-10,H7-10,H7-10,H7-10,H7-10,H7-10,H7-10,H7-10,H7-10,H7-10,H7-10,H7-10,H7-10,H7-10,H7-10,H7-10,H7-10,H7-10,H7-10,H7-10,H7-10,H7-10,H7-10,H7-10,H7-10,H7-10,H7-10,H7-10,H7-10,H7-10,H7-10,H7-10,H7-10,H7-10,H7-10,H7-10,H7-10,H7-10,H7-10,H7-10,H7-10,H7-10,H7-10,H7-10,H7-10,H7-10,H7-10,H7-10,H7-10,H7-10,H7-10,H7-10,H7-10,H7-10,H7-10,H7-10,H7-10,H7-10,H7-10,H7-10,H7-10,H7-10,H7-10,H7-10,H7-10,H7-10,H7-10,H7-10,H7-10,H7-10,H7-10,H7-10,H7-10,H7-10,H7-10,H7-10,H7-10,H7-10,H7-10,H7-10,H7-10,H7-10,H7-10,H7-10,H7-10,H7-10,H7-10,H7-10,H7-10,H7-10,H7-10,H7-10,H7-10,H7-10,H7-10,H7-10,H7-10,H7-10,H7-10,H4-10,H4-10,H4-10,H4-10,H4-10,H4-10,H4-10,H4-10,H4-10,H4-10,H4-10,H4-10,H4-10,H4-10,H4-10,H4-10,H0-10,H0-10,H0-10,H0-10,H0-10,H0-10,H0-10,H0-10,H0-10,H0-10,H0-10,H0-10,H0-10,H0-10,H0-10,H0-10,H0-10,H0-10,H0-10,H0-10,H0-10,H0-10,H0-10,H0-10,H0-10,H0-10,H0-10,H0-10,H0-10,H0-10,H,H,H,H,H,H,H,H,H,H,H,H,H,G-H,G-H,G-H,G-H,G-H,G-H,G-L,D-L,A-L
I1,I1,I1,I1,I1,I1,I1,I1,I1,I1,I1,I1,I1,I1,I1,I1,I1,I1,I1,I1,I1,I1,I1,I1,I1,I1,I1,I1,I1,I1,I1,I1,I1,I1,I1,I1,I1,I1,I1,I1,I1,I1,I1,I1,I1,I1,I1,I1,I1,I1,I1,I1,I1,I1,I1,I1,I1,I1,I1,I1,I1,I1,I1,I1-2,I1-2,I1-2,I1-2,I1-2,I1-2,I1-2,I1-2,I1-2,I1-2,I1-2,I1-2,I1-2,I0-2,I0-2,I0-2,I0-2,I0-2,I0-2,I0-2,I0-2,I0-2,I0-2,I0-2,I0-2,I0-2,I0-2,I0-2,I0-2,I0-2,I0-2,I0-2,I0-2,I0-2,I0-2,I0-2,I0-2,I0-2,I0-2,I0-2,I0-2,I0-2,I0-2,I0-2,I0-2,I0-2,I0-2,I0-2,I0-2,I0-2,I0-2,I0-2,I0-2,I0-2,I0-2,I0-2,I0-2,I0-2,I0-2,I0-2,I0-2,I0-2,I0-2,I0-2,I0-2,I0-2,I0-2,I0-2,I0-2,I0-2,I0-2,I0-2,I0-2,I0-2,I0-2,I0-2,I0-2,I0-2,I0-2,I0-2,I0-2,I0-2,I0-2,I0-2,I0-2,I0-2,I0-2,I0-2,I0-2,I0-2,I0-2,I0-2,I0-2,I0-2,I0-2,I0-2,I0-2,I0-2,I0-5,I0-5,I0-5,I0-5,I0-5,I0-5,I0-5,I0-5,I0-5,I0-5,I0-5,I0-5,I0-5,I0-5,I0-5,I0-5,I0-5,I0-5,I0-5,I0-5,I0-5,I,I,I,I,I,I,I,I,I,I,I,I,I,I,I-L,G-L,D-L,A-L
D2,D2,D2,D2,D2,D2,D2,D2,D2,D2,D2,D2,D2,D2,D2,D2,D2,D2,D2,D2,D2,D2,D2,D2,D2,D2,D2,D2,D2,D2,D2,D2,D2,D2,D2,D2,D2,D2,D2,D2,D2,D2,D2,D2,D2,D2,D2,D2,D2,D2,D2,D2,D2,D2,D2,D2,D2,D2,D2,D2,D2,D2,D2,D2,D2,D2,D2,D2,D2,D2,D2,D2,D2,D2,D2,D2,D2,D2,D2-4,D2-4,D2-4,D2-4,D2-4,D2-4,D2-4,D2-4,D2-4,D2-4,D2-4,D2-4,D2-4,D2-4,D2-4,D2-4,D2-4,D2-4,D2-4,D2-4,D2-4,D2-4,D2-4,D2-4,D2-4,D2-4,D2-4,D2-4,D2-4,D2-4,D2-4,D2-4,D2-4,D2-4,D2-4,D2-4,D2-4,D2-4,D2-4,D2-4,D2-4,D2-4,D2-4,D2-4,D2-4,D2-4,D2-4,D2-4,D2-4,D2-4,D2-7,D2-7,D2-7,D2-7,D2-7,D2-7,D2-7,D2-7,D2-7,D2-7,D2-7,D2-7,D2-7,D2-7,D2-7,D2-7,D2-7,D2-7,D2-7,D2-7,D2-7,D2-7,D2-7,D2-7,D2-7,D2-7,D2-7,D2-7,D2-7,D2-7,D2-7,D2-7,D2-7,D2-7,D0-7,D0-7,D0-7,D0-7,D0-7,D0-7,D0-7,D0-7,D0-7,D0-7,D0-7,D0-7,D0-7,D0-7,D0-7,D0-7,D0-7,D0-7,D0-7,D0-7,D0-7,D,D,D,D,D,D,D,D,D,D,D-F,D-F,D-F,D-F,D-F,D-L,A-L
L17,L17,L17,L17,L17,L17,L17,L17,L17,L17,L16-17,L16-17,L16-17,L16-17,L16-17,L16-17,L16-17,L16-17,L16-17,L16-17,L16-17,L16-17,L16-17,L16-17,L16-17,L16-17,L16-17,L16-17,L16-17,L16-17,L16-17,L16-17,L16-17,L16-17,L16-17,L16-17,L16-17,L16-17,L16-17,L16-17,L16-17,L16-17,L16-17,L16-17,L16-17,L16-17,L16-17,L16-17,L16-17,L16-17,L16-17,L16-17,L16-17,L16-17,L16-17,L16-17,L16-17,L16-17,L16-17,L16-17,L16-17,L16-17,L16-17,L16-17,L16-17,L16-17,L16-17,L16-17,L16-17,L16-17,L16-17,L16-17,L16-17,L16-17,L16-17,L16-17,L16-17,L16-17,L16-17,L15-17,L15-17,L15-17,L15-17,L15-17,L15-17,L15-17,L15-17,L15-17,L15-17,L15-17,L15-17,L15-17,L15-17,L15-17,L15-17,L15-17,L15-17,L15-17,L15-17,L15-17,L15-17,L15-17,L15-17,L15-17,L15-17,L15-17,L15-17,L15-17,L15-17,L15-17,L15-17,L15-17,L15-17,L13-17,L13-17,L13-17,L13-17,L13-17,L13-17,L13-17,L13-17,L13-17,L13-17,L13-17,L13-17,L13-17,L13-17,L13-17,L13-17,L13-17,L13-17,L13-17,L13-17,L13-17,L13-17,L13-17,L13-17,L13-17,L13-17,L13-17,L13-17,L13-17,L13-17,L13-17,L13-17,L13-17,L13-17,L13-17,L13-17,L13-17,L13-17,L13-17,L13-17,L13-17,L13-17,L13-17,L13-17,L13-17,L13-17,L13-17,L13-17,L13-17,L13-17,L13-17,L13-17,L13-17,L13-17,L13-17,L13-17,L13-17,L13-17,L13-17,L13-17,L13-17,L13-19,L13-19,L13-19,L13-19,L13-19,L13-19,L13-19,L13-19,L13-19,L13-19,L,L,L,L,L,L,L,L,K-L,K-L,J-L,J-L,I-L,G-L,D-L,A-L
H13,H13,H13,H13,H13,H13,H13,H13,H13,H13,H13,H13,H13,H13,H13,H13,H13,H13,H13,H13,H13,H13,H13,H13,H13,H13,H13,H13,H13,H13,H13,H13,H13,H13,H13,H13,H13,H13,H13,H13,H13,H13,H13,H13,H13,H13,H13,H13,H13,H13,H13,H13,H13,H13,H13,H13,H13,H13,H12-13,H12-13,H12-13,H12-13,H12-13,H12-13,H12-13,H12-13,H12-13,H12-13,H12-13,H12-13,H12-13,H12-13,H12-13,H12-13,H12-13,H12-13,H12-13,H12-13,H12-13,H12-13,H12-13,H12-13,H12-13,H12-13,H12-13,H12-13,H12-13,H12-13,H12-13,H12-13,H12-13,H12-13,H12-13,H12-13,H12-13,H12-13,H12-13,H12-13,H12-13,H12-13,H12-13,H12-13,H12-13,H12-13,H12-13,H12-13,H12-13,H11-13,H11-13,H11-13,H11-13,H11-13,H11-13,H11-13,H11-13,H11-13,H11-13,H11-13,H11-13,H11-13,H11-13,H11-13,H11-13,H11-13,H11-13,H11-13,H11-13,H11-13,H11-13,H11-13,H11-13,H11-13,H11-13,H11-13,H11-13,H11-13,H11-13,H11-13,H11-13,H11-13,H11-13,H11-13,H11-13,H11-13,H11-13,H11-13,H11-13,H11-13,H11-13,H11-13,H11-13,H11-13,H11-13,H11-13,H11-13,H11-13,H11-13,H11-13,H11-13,H11-13,H11-13,H11-13,H11-13,H11-16,H11-16,H11-16,H11-16,H11-16,H11-16,H11-16,H11-16,H11-16,H11-16,H11-16,H11-16,H11-16,H11-16,H11-16,H,H,H,H,H,H,H,H,H,H,H,H,H,G-H,G-H,G-H,G-H,G-H,G-H,G-L,D-L,A-L
L18,L18,L18,L18,L18,L18,L18,L18,L18,L18,L18,L18,L18,L18,L18,L18,L18,L18,L18,L18,L18,L18,L18,L18,L18,L18,L18,L18,L18,L18,L18,L18,L18,L18,L18,L18,L18,L18,L18,L18,L18,L18,L18,L18,L18,L18,L18,L18,L18,L18,L18,L18,L18,L18,L18,L18,L18,L18,L18,L18,L18,L18,L18,L18,L18,L18,L18,L18,L18,L18,L18,L18,L18,L18,L18,L18,L18,L18,L18,L18,L18,L18,L18,L18,L18,L18,L18,L18,L18,L18,L18,L18,L18,L18,L18,L18,L18,L18,L18,L18,L18,L18,L18,L18,L18,L18,L18,L18,L18,L18,L18,L18,L18,L18,L18,L18,L18,L18,L18,L18,L18,L18,L18,L18,L18,L18,L18,L18,L18,L18,L18,L18,L18,L18,L18,L18,L18,L18,L18,L18,L18,L18,L18-19,L18-19,L18-19,L18-19,L18-19,L18-19,L18-19,L18-19,L18-19,L18-19,L18-19,L18-19,L18-19,L18-19,L18-19,L18-19,L18-19,L18-19,L18-19,L18-19,L18-19,L18-19,L18-19,L18-19,L18-19,L18-19,L18-19,L18-19,L18-19,L18-19,L18-19,L18-19,L13-19,L13-19,L13-19,L13-19,L13-19,L13-19,L13-19,L13-19,L13-19,L13-19,L,L,L,L,L,L,L,L,K-L,K-L,J-L,J-L,I-L,G-L,D-L,A-L
B14,B14,B14,B14,B14,B14,B14,B14,B14,B14,B14,B14,B14,B14,B14,B14,B14,B14,B14,B14,B14,B14,B14,B14,B14,B14,B14,B14,B13-14,B13-14,B13-14,B13-14,B13-14,B13-14,B13-14,B13-14,B13-14,B13-14,B13-14,B13-14,B13-14,B13-14,B13-14,B13-14,B13-14,B13-14,B13-14,B13-14,B13-14,B13-14,B13-14,B13-14,B13-14,B13-14,B13-14,B13-14,B13-14,B13-14,B13-14,B13-14,B13-14,B13-14,B13-14,B13-14,B13-14,B13-14,B13-14,B13-14,B13-14,B13-14,B13-14,B13-14,B12-14,B12-14,B12-14,B12-14,B12-14,B12-14,B12-14,B12-14,B12-14,B12-14,B12-14,B12-14,B12-14,B12-14,B12-14,B12-14,B12-14,B12-14,B12-14,B12-14,B12-14,B12-14,B12-14,B12-14,B12-14,B12-14,B12-14,B12-14,B12-14,B12-14,B12-14,B12-14,B12-14,B12-14,B12-14,B12-14,B12-14,B12-14,B12-14,B12-14,B12-14,B12-14,B12-14,B12-14,B12-14,B12-14,B12-14,B12-14,B12-14,B12-14,B12-14,B12-14,B12-14,B12-14,B12-14,B9-14,B9-14,B9-14,B9-14,B9-14,B9-14,B9-14,B9-14,B9-14,B9-14,B9-14,B9-14,B9-14,B9-14,B9-14,B9-14,B9-14,B9-14,B9-14,B5-14,B5-14,B5-14,B5-14,B5-14,B5-14,B5-14,B5-14,B5-14,B5-14,B5-14,B5-14,B5-14,B5-14,B5-14,B5-14,B5-14,B5-14,B5-14,B5-14,B5-14,B5-14,B5-14,B0-14,B0-14,B0-14,B0-14,B0-14,B0-14,B0-14,B0-14,B0-14,B0-14,B0-14,B0-14,B0-14,B0-14,B0-14,B0-14,B0-14,B,B,B,B,B-C,B-C,B-C,B-C,B-C,A-C,A-C,A-C,A-C,A-L
D6,D6,D6,D6,D6,D6,D6,D6,D6,D6,D6,D6,D6,D6,D6,D6,D6,D6,D6,D6,D6,D6,D6,D6,D6,D6,D6,D6,D6,D6,D6,D6,D6,D6,D6,D6,D6,D6,D6,D6,D6,D6-7,D6-7,D6-7,D6-7,D6-7,D6-7,D6-7,D6-7,D6-7,D6-7,D6-7,D6-7,D6-7,D6-7,D6-7,D6-7,D6-7,D6-7,D6-7,D6-7,D6-7,D6-7,D6-7,D6-7,D6-7,D6-7,D6-7,D6-7,D6-7,D6-7,D6-7,D6-7,D6-7,D6-7,D6-7,D6-7,D6-7,D6-7,D6-7,D6-7,D6-7,D6-7,D6-7,D6-7,D6-7,D6-7,D6-7,D6-7,D6-7,D6-7,D6-7,D6-7,D6-7,D6-7,D6-7,D6-7,D6-7,D6-7,D6-7,D6-7,D6-7,D5-7,D5-7,D5-7,D5-7,D5-7,D5-7,D5-7,D5-7,D5-7,D5-7,D5-7,D5-7,D5-7,D5-7,D5-7,D5-7,D5-7,D5-7,D5-7,D5-7,D5-7,D5-7,D5-7,D5-7,D5-7,D5-7,D2-7,D2-7,D2-7,D2-7,D2-7,D2-7,D2-7,D2-7,D2-7,D2-7,D2-7,D2-7,D2-7,D2-7,D2-7,D2-7,D2-7,D2-7,D2-7,D2-7,D2-7,D2-7,D2-7,D2-7,D2-7,D2-7,D2-7,D2-7,D2-7,D2-7,D2-7,D2-7,D2-7,D2-7,D0-7,D0-7,D0-7,D0-7,D0-7,D0-7,D0-7,D0-7,D0-7,D0-7,D0-7,D0-7,D0-7,D0-7,D0-7,D0-7,D0-7,D0-7,D0-7,D0-7,D0-7,D,D,D,D,D,D,D,D,D,D,D-F,D-F,D-F,D-F,D-F,D-L,A-L
D4,D4,D4,D4,D4,D4,D4,D4,D4,D4,D4,D4,D4,D4,D4,D4,D4,D4,D4,D4,D4,D4,D4,D3-4,D3-4,D3-4,D3-4,D3-4,D3-4,D3-4,D3-4,D3-4,D3-4,D3-4,D3-4,D3-4,D3-4,D3-4,D3-4,D3-4,D3-4,D3-4,D3-4,D3-4,D3-4,D3-4,D3-4,D3-4,D3-4,D3-4,D3-4,D3-4,D3-4,D3-4,D3-4,D3-4,D3-4,D3-4,D3-4,D3-4,D3-4,D3-4,D3-4,D3-4,D3-4,D3-4,D3-4,D3-4,D3-4,D3-4,D3-4,D3-4,D3-4,D3-4,D3-4,D3-4,D3-4,D3-4,D2-4,D2-4,D2-4,D2-4,D2-4,D2-4,D2-4,D2-4,D2-4,D2-4,D2-4,D2-4,D2-4,D2-4,D2-4,D2-4,D2-4,D2-4,D2-4,D2-4,D2-4,D2-4,D2-4,D2-4,D2-4,D2-4,D2-4,D2-4,D2-4,D2-4,D2-4,D2-4,D2-4,D2-4,D2-4,D2-4,D2-4,D2-4,D2-4,D2-4,D2-4,D2-4,D2-4,D2-4,D2-4,D2-4,D2-4,D2-4,D2-4,D2-4,D2-7,D2-7,D2-7,D2-7,D2-7,D2-7,D2-7,D2-7,D2-7,D2-7,D2-7,D2-7,D2-7,D2-7,D2-7,D2-7,D2-7,D2-7,D2-7,D2-7,D2-7,D2-7,D2-7,D2-7,D2-7,D2-7,D2-7,D2-7,D2-7,D2-7,D2-7,D2-7,D2-7,D2-7,D0-7,D0-7,D0-7,D0-7,D0-7,D0-7,D0-7,D0-7,D0-7,D0-7,D0-7,D0-7,D0-7,D0-7,D0-7,D0-7,D0-7,D0-7,D0-7,D0-7,D0-7,D,D,D,D,D,D,D,D,D,D,D-F,D-F,D-F,D-F,D-F,D-L,A-L
B26,B26,B26,B26,B26,B26,B26,B26,B26,B26,B26,B26,B26,B26,B26,B26-27,B26-27,B26-27,B26-27,B26-27,B26-27,B26-27,B26-27,B26-27,B26-27,B26-27,B26-27,B26-27,B26-27,B26-27,B26-27,B26-27,B26-27,B26-27,B26-27,B26-27,B26-27,B26-27,B26-27,B26-27,B26-27,B26-27,B26-27,B26-27,B26-27,B26-27,B26-27,B26-27,B26-27,B26-27,B26-27,B26-27,B26-27,B25-27,B25-27,B25-27,B25-27,B25-27,B25-27,B25-27,B25-27,B25-27,B25-27,B25-27,B25-27,B25-27,B25-27,B25-27,B25-27,B25-27,B25-27,B23-27,B23-27,B23-27,B23-27,B23-27,B23-27,B23-27,B23-27,B23-27,B23-27,B23-27,B23-27,B23-27,B23-27,B23-27,B23-27,B23-27,B23-27,B23-27,B23-27,B23-27,B23-27,B23-27,B23-27,B23-27,B23-27,B23-27,B23-27,B23-27,B23-27,B23-27,B23-27,B23-27,B23-27,B23-27,B23-27,B23-27,B23-27,B23-27,B23-27,B23-27,B23-27,B23-27,B23-27,B23-27,B23-27,B23-27,B23-27,B23-27,B23-27,B23-27,B23-27,B23-27,B23-27,B23-27,B23-27,B23-27,B23-27,B23-27,B23-27,B23-27,B23-27,B23-27,B23-27,B23-27,B23-27,B23-27,B23-27,B23-27,B23-27,B23-27,B23-27,B23-27,B23-27,B23-27,B23-27,B23-27,B23-27,B23-27,B23-27,B23-27,B23-27,B23-27,B23-27,B23-27,B23-27,B23-27,B23-27,B23-27,B23-27,B23-27,B23-27,B23-27,B23-27,B23-30,B23-30,B21-30,B21-30,B21-30,B21-30,B21-30,B21-30,B21-30,B21-30,B21-30,B21-30,B21-30,B21-30,B21-30,B21-30,B15-30,B15-30,B15-30,B15-30,B15-30,B,B,B,B,B-C,B-C,B-C,B-C,B-C,A-C,A-C,A-C,A-C,A-L
B25,B25,B25,B25,B25,B25,B25,B25,B25,B25,B25,B25,B25,B25,B25,B25,B25,B25,B25,B25,B25,B25,B25,B25,B25,B25,B25,B25,B25,B25,B25,B25,B25,B25,B25,B25,B25,B25,B25,B25,B25,B25,B25,B25,B25,B25,B25,B25,B25,B25,B25,B25,B25,B25-27,B25-27,B25-27,B25-27,B25-27,B25-27,B25-27,B25-27,B25-27,B25-27,B25-27,B25-27,B25-27,B25-27,B25-27,B25-27,B25-27,B25-27,B23-27,B23-27,B23-27,B23-27,B23-27,B23-27,B23-27,B23-27,B23-27,B23-27,B23-27,B23-27,B23-27,B23-27,B23-27,B23-27,B23-27,B23-27,B23-27,B23-27,B23-27,B23-27,B23-27,B23-27,B23-27,B23-27,B23-27,B23-27,B23-27,B23-27,B23-27,B23-27,B23-27,B23-27,B23-27,B23-27,B23-27,B23-27,B23-27,B23-27,B23-27,B23-27,B23-27,B23-27,B23-27,B23-27,B23-27,B23-27,B23-27,B23-27,B23-27,B23-27,B23-27,B23-27,B23-27,B23-27,B23-27,B23-27,B23-27,B23-27,B23-27,B23-27,B23-27,B23-27,B23-27,B23-27,B23-27,B23-27,B23-27,B23-27,B23-27,B23-27,B23-27,B23-27,B23-27,B23-27,B23-27,B23-27,B23-27,B23-27,B23-27,B23-27,B23-27,B23-27,B23-27,B23-27,B23-27,B23-27,B23-27,B23-27,B23-27,B23-27,B23-27,B23-27,B23-30,B23-30,B21-30,B21-30,B21-30,B21-30,B21-30,B21-30,B21-30,B21-30,B21-30,B21-30,B21-30,B21-30,B21-30,B21-30,B15-30,B15-30,B15-30,B15-30,B15-30,B,B,B,B,B-C,B-C,B-C,B-C,B-C,A-C,A-C,A-C,A-C,A-L
J19,J19,J19,J19,J19,J19,J19,J18-19,J18-19,J18-19,J18-19,J18-19,J18-19,J18-19,J18-19,J18-19,J17-19,J17-19,J17-19,J17-19,J17-19,J17-19,J17-19,J17-19,J17-19,J17-19,J17-19,J17-19,J17-19,J17-19,J17-19,J17-19,J17-19,J17-19,J17-19,J17-19,J17-19,J17-19,J17-19,J17-19,J17-19,J17-19,J17-19,J17-19,J17-19,J17-19,J17-19,J17-19,J17-19,J17-19,J17-19,J17-19,J17-19,J17-19,J17-19,J17-19,J17-19,J17-19,J17-19,J17-19,J17-19,J17-19,J17-19,J17-19,J17-19,J17-19,J17-19,J17-19,J17-19,J17-19,J17-19,J17-19,J17-19,J17-19,J17-19,J17-19,J17-19,J17-19,J17-19,J17-19,J17-19,J17-19,J17-19,J17-19,J17-19,J17-19,J17-19,J17-19,J17-19,J17-19,J17-19,J17-19,J17-19,J17-19,J17-19,J17-19,J17-19,J17-19,J17-19,J17-19,J17-19,J17-19,J17-19,J17-19,J17-19,J17-19,J17-19,J17-19,J17-19,J17-19,J17-19,J17-19,J17-19,J17-19,J17-19,J17-19,J17-19,J17-19,J17-19,J17-19,J17-19,J17-19,J17-19,J17-19,J17-19,J17-19,J17-19,J17-19,J17-19,J17-19,J17-19,J17-19,J17-19,J17-19,J17-19,J17-19,J17-19,J17-19,J17-19,J17-19,J17-19,J17-19,J17-19,J17-19,J17-26,J17-26,J17-26,J17-26,J17-26,J17-26,J17-26,J17-26,J17-26,J17-26,J17-26,J17-26,J17-26,J17-26,J17-26,J17-26,J17-26,J17-26,J17-26,J17-26,J17-26,J17-26,J17-26,J17-26,J17-26,J17-26,J17-26,J17-26,J17-26,J17-26,J17-26,J17-26,J11-26,J11-26,J11-26,J11-26,J11-26,J11-26,J11-26,J11-26,J11-26,J,J,J,J,J,J,J,J,J,J-L,J-L,I-L,G-L,D-L,A-L
L6,L6,L6,L6,L6,L6,L6,L6,L6,L6,L6,L5-6,L5-6,L5-6,L5-6,L5-6,L5-6,L5-6,L5-6,L5-6,L5-6,L5-6,L5-6,L5-6,L5-6,L5-6,L5-6,L5-6,L5-6,L5-6,L5-6,L5-6,L5-6,L5-6,L5-6,L5-6,L5-6,L5-6,L5-6,L4-6,L4-6,L4-6,L4-6,L4-6,L4-6,L4-6,L4-6,L4-6,L4-6,L4-6,L4-6,L4-6,L4-6,L4-6,L4-6,L4-6,L4-6,L4-6,L4-6,L4-6,L4-6,L4-6,L4-6,L4-6,L4-6,L4-6,L4-6,L3-6,L3-6,L3-6,L3-6,L3-6,L3-6,L3-6,L3-6,L3-6,L3-6,L3-6,L3-6,L3-6,L3-6,L3-6,L3-6,L3-6,L3-6,L3-6,L3-6,L3-6,L3-6,L3-6,L3-6,L3-6,L3-6,L3-6,L3-6,L3-6,L3-6,L3-6,L3-6,L3-6,L3-6,L3-6,L3-6,L3-6,L3-6,L3-6,L3-6,L3-6,L3-6,L3-6,L3-6,L3-6,L3-6,L3-6,L3-6,L3-6,L3-6,L3-6,L3-6,L3-6,L3-6,L3-6,L3-6,L3-6,L3-6,L3-6,L3-6,L3-6,L3-6,L3-6,L3-6,L3-6,L3-6,L3-6,L3-6,L3-6,L3-6,L3-6,L3-6,L3-6,L3-6,L3-6,L3-6,L3-6,L3-6,L3-6,L3-6,L3-6,L3-6,L3-6,L3-6,L3-6,L3-6,L3-6,L3-6,L3-6,L3-6,L3-6,L3-12,L3-12,L3-12,L3-12,L3-12,L3-12,L3-12,L3-12,L3-12,L3-12,L3-12,L3-12,L3-12,L3-12,L0-12,L0-12,L0-12,L0-12,L0-12,L0-12,L0-12,L0-12,L0-12,L0-12,L0-12,L0-12,L,L,L,L,L,L,L,L,K-L,K-L,J-L,J-L,I-L,G-L,D-L,A-L
K2,K2,K2,K2,K2,K2,K2,K2,K2,K2,K2,K2,K2,K2,K2,K2,K2,K2,K2,K2,K2,K2,K2,K2,K2,K2,K2,K2,K2,K2,K2,K2,K2,K2,K2,K2,K2,K2,K2,K2,K2,K2,K2,K2,K2,K2,K2,K2,K2,K2,K2,K2,K2,K2,K2,K2,K2,K2,K2,K2,K2,K2,K2,K2,K2,K2,K2,K2,K2,K2,K2,K2,K2,K2,K2,K2,K2,K2,K2,K2,K1-2,K1-2,K1-2,K1-2,K1-2,K1-2,K1-2,K1-2,K1-2,K1-2,K1-2,K1-2,K1-2,K1-2,K1-2,K1-2,K1-2,K1-2,K1-2,K1-2,K1-2,K1-2,K1-2,K1-2,K1-2,K1-2,K1-2,K1-2,K1-2,K1-2,K1-2,K1-2,K1-2,K1-2,K1-2,K1-2,K1-2,K1-2,K1-2,K1-2,K1-2,K1-2,K1-2,K1-2,K1-2,K1-2,K1-2,K1-2,K1-2,K1-2,K1-2,K1-2,K1-2,K1-5,K1-5,K1-5,K1-5,K1-5,K1-5,K1-5,K1-5,K1-5,K1-5,K1-5,K1-5,K1-5,K1-5,K1-5,K1-5,K1-5,K1-5,K1-5,K0-5,K0-5,K0-5,K0-5,K0-5,K0-5,K0-5,K0-5,K0-5,K0-5,K0-5,K0-5,K0-5,K0-5,K0-5,K0-5,K0-5,K0-5,K0-5,K0-5,K0-5,K0-5,K0-5,K0-5,K0-5,K0-5,K0-5,K,K,K,K,K,K,K,K,K,K,K,K,K,K-L,K-L,J-L,J-L,I-L,G-L,D-L,A-L
H3,H3,H3,H3,H3,H3,H3,H3,H3,H3,H3,H3,H3,H3,H3,H3,H3,H3,H3,H3,H3,H3,H3,H3,H3,H3,H3,H3,H3,H3,H3,H3,H3,H3,H3,H2-3,H2-3,H2-3,H2-3,H2-3,H2-3,H2-3,H1-3,H1-3,H1-3,H1-3,H1-3,H1-3,H1-3,H1-3,H1-3,H1-3,H1-3,H1-3,H1-3,H1-3,H1-3,H1-3,H1-3,H1-3,H1-3,H1-3,H1-3,H1-3,H1-3,H1-3,H1-3,H1-3,H1-3,H1-3,H1-3,H1-3,H1-3,H1-3,H1-3,H1-3,H1-3,H1-3,H1-3,H1-3,H1-3,H1-3,H1-3,H1-3,H1-3,H1-3,H1-3,H0-3,H0-3,H0-3,H0-3,H0-3,H0-3,H0-3,H0-3,H0-3,H0-3,H0-3,H0-3,H0-3,H0-3,H0-3,H0-3,H0-3,H0-3,H0-3,H0-3,H0-3,H0-3,H0-3,H0-3,H0-3,H0-3,H0-3,H0-3,H0-3,H0-3,H0-3,H0-3,H0-3,H0-3,H0-3,H0-3,H0-3,H0-3,H0-3,H0-3,H0-3,H0-3,H0-3,H0-3,H0-3,H0-3,H0-3,H0-3,H0-3,H0-3,H0-3,H0-3,H0-3,H0-3,H0-3,H0-3,H0-3,H0-3,H0-3,H0-3,H0-3,H0-10,H0-10,H0-10,H0-10,H0-10,H0-10,H0-10,H0-10,H0-10,H0-10,H0-10,H0-10,H0-10,H0-10,H0-10,H0-10,H0-10,H0-10,H0-10,H0-10,H0-10,H0-10,H0-10,H0-10,H0-10,H0-10,H0-10,H0-10,H0-10,H0-10,H,H,H,H,H,H,H,H,H,H,H,H,H,G-H,G-H,G-H,G-H,G-H,G-H,G-L,D-L,A-L
G5,G5,G5,G5,G5,G5,G5,G5,G5,G5,G5,G5,G5,G5,G5,G5,G5,G5,G5,G5,G5,G5,G5,G5,G5,G5,G5,G5,G5,G5,G5,G5,G5,G5,G5,G5,G5,G5,G5,G5,G5,G5,G5,G5,G5,G5,G5,G5,G5,G5,G5,G5,G5,G5,G5,G5,G5,G5,G5,G5,G5,G5,G5,G5,G5,G5,G5,G5,G5,G5,G5,G5,G5,G5,G5,G5,G5,G5,G5,G5,G5,G5,G5,G5,G5,G5,G5,G5,G5,G5,G5,G5,G5,G5-7,G5-7,G5-7,G5-7,G5-7,G5-7,G5-7,G5-7,G5-7,G5-7,G5-7,G5-7,G5-7,G5-7,G5-7,G5-7,G5-7,G5-7,G5-7,G5-7,G5-7,G5-7,G5-7,G5-7,G5-7,G4-7,G4-7,G4-7,G4-7,G4-7,G4-7,G4-7,G4-7,G4-7,G4-7,G4-7,G4-7,G4-7,G4-7,G4-7,G4-7,G4-7,G4-7,G4-7,G4-7,G4-7,G4-7,G4-7,G4-7,G4-7,G4-7,G4-7,G4-7,G4-7,G4-7,G4-7,G4-7,G4-7,G4-7,G4-7,G4-9,G4-9,G4-9,G4-9,G4-9,G4-9,G4-9,G4-9,G4-9,G4-9,G4-9,G4-9,G4-9,G4-9,G4-9,G4-9,G4-9,G4-9,G,G,G,G,G,G,G,G,G,G,G,G,G,G,G,G,G,G,G,G,G-H,G-H,G-H,G-H,G-H,G-H,G-L,D-L,A-L
E4,E4,E4,E4,E4,E4,E4,E4,E4,E4,E4,E4,E4,E4,E4,E4,E4,E4,E4,E4,E4,E4,E4,E4,E4,E4,E4,E4,E4,E4,E4,E4,E4,E4,E4,E4,E4,E4,E4,E4,E4,E4,E4,E4,E4,E4,E4,E4,E4,E4,E4,E4,E4,E4,E4,E4,E4,E4,E4,E4,E4,E4,E4,E4,E4,E4,E4,E4,E4,E4,E4,E4,E4,E4,E4,E4,E4,E4,E4,E4,E4,E4,E4,E4,E4,E4,E4,E4,E4,E4,E4,E4,E4,E4,E4,E3-4,E3-4,E3-4,E3-4,E3-4,E3-4,E3-4,E3-4,E3-4,E3-4,E3-4,E3-4,E3-4,E3-4,E3-4,E3-4,E3-4,E3-4,E3-4,E3-4,E3-4,E3-4,E3-4,E3-4,E3-4,E2-4,E2-4,E2-4,E2-4,E2-4,E2-4,E2-4,E2-4,E2-4,E2-4,E2-4,E2-4,E2-4,E2-4,E2-4,E2-4,E2-4,E2-4,E2-4,E2-4,E2-4,E2-4,E2-4,E2-4,E2-4,E2-4,E2-4,E2-4,E2-4,E2-4,E2-4,E2-4,E2-4,E2-4,E2-4,E2-4,E2-4,E2-4,E2-4,E2-4,E,E,E,E,E,E,E,E,E,E,E,E,E,E,E,E,E,E,E,E,E,E,E,E,E,E,E,E,E,E-F,E-F,E-F,E-F,D-F,D-F,D-F,D-F,D-F,D-L,A-L
B20,B20,B20,B20,B20,B20,B20,B20,B20,B20,B20,B20,B20,B20,B20,B20,B20,B20,B20,B20,B20,B20,B20,B20,B20,B20,B20,B20,B20,B20,B20,B20,B20,B20,B20,B20,B20,B20,B20,B20,B20,B20,B20,B20,B20,B20,B20,B20,B20,B20,B20,B20,B20,B20,B20,B20,B20,B20,B20,B20,B20,B20,B20,B20,B20,B20,B20,B20,B20,B20,B20,B20,B20,B20,B20,B20,B20,B20,B20,B20,B20,B20,B20,B20,B20,B20,B20,B20,B20,B20,B20,B20,B20,B20,B19-20,B19-20,B19-20,B19-20,B19-20,B19-20,B19-20,B19-20,B19-20,B19-20,B19-20,B19-20,B19-20,B19-20,B19-20,B19-20,B19-20,B19-20,B19-20,B19-20,B19-20,B19-20,B18-20,B18-20,B18-20,B18-20,B18-20,B18-20,B18-20,B18-20,B18-20,B18-20,B18-20,B18-20,B18-20,B18-20,B18-20,B18-20,B18-20,B18-20,B18-20,B18-20,B18-20,B18-20,B18-20,B18-20,B18-20,B18-20,B18-20,B18-20,B18-20,B15-20,B15-20,B15-20,B15-20,B15-20,B15-20,B15-20,B15-20,B15-20,B15-20,B15-20,B15-20,B15-20,B15-20,B15-20,B15-20,B15-20,B15-20,B15-20,B15-20,B15-20,B15-20,B15-20,B15-20,B15-20,B15-20,B15-20,B15-20,B15-20,B15-20,B15-20,B15-20,B15-20,B15-20,B15-20,B15-20,B15-30,B15-30,B15-30,B15-30,B15-30,B,B,B,B,B-C,B-C,B-C,B-C,B-C,A-C,A-C,A-C,A-C,A-L
B0,B0,B0,B0,B0,B0,B0,B0,B0,B0,B0,B0,B0,B0,B0,B0,B0,B0,B0,B0,B0,B0,B0,B0,B0,B0,B0,B0,B0,B0,B0,B0,B0,B0,B0,B0,B0,B0,B0,B0,B0,B0,B0,B0,B0,B0,B0,B0,B0,B0,B0,B0,B0,B0,B0,B0,B0,B0,B0,B0,B0,B0,B0,B0,B0,B0,B0,B0,B0,B0,B0,B0,B0,B0,B0,B0,B0,B0,B0,B0,B0,B0,B0,B0,B0,B0,B0,B0,B0,B0,B0,B0,B0,B0,B0,B0,B0,B0,B0,B0,B0,B0,B0,B0,B0,B0,B0,B0,B0,B0,B0,B0,B0,B0,B0,B0,B0,B0,B0,B0,B0,B0,B0,B0,B0,B0,B0,B0,B0,B0,B0,B0-4,B0-4,B0-4,B0-4,B0-4,B0-4,B0-4,B0-4,B0-4,B0-4,B0-4,B0-4,B0-4,B0-4,B0-4,B0-4,B0-4,B0-4,B0-4,B0-4,B0-4,B0-4,B0-4,B0-4,B0-4,B0-4,B0-4,B0-4,B0-4,B0-4,B0-4,B0-4,B0-4,B0-4,B0-4,B0-4,B0-4,B0-4,B0-14,B0-14,B0-14,B0-14,B0-14,B0-14,B0-14,B0-14,B0-14,B0-14,B0-14,B0-14,B0-14,B0-14,B0-14,B0-14,B0-14,B,B,B,B,B-C,B-C,B-C,B-C,B-C,A-C,A-C,A-C,A-C,A-L
F11,F11,F11,F11,F11,F11,F11,F11,F11,F11,F11,F11,F11,F11,F11,F11,F11,F11,F11,F11,F11,F11,F11,F11,F11,F11,F11,F11,F11,F11,F11,F11,F11,F11,F11,F11,F11,F11,F11,F11,F11,F11,F11,F11,F11,F11,F11,F11,F11,F11,F11,F11,F11,F11,F11,F11,F11,F11,F11,F11,F11,F11,F10-11,F10-11,F10-11,F10-11,F10-11,F10-11,F10-11,F10-11,F10-11,F10-11,F10-11,F10-11,F10-11,F10-11,F10-11,F10-11,F10-11,F10-11,F10-11,F10-11,F10-11,F10-11,F10-11,F10-11,F10-11,F10-11,F10-11,F10-11,F10-11,F10-11,F10-11,F10-11,F10-11,F10-11,F10-11,F10-11,F10-11,F10-11,F10-11,F10-11,F10-11,F10-11,F10-11,F10-11,F10-11,F10-11,F10-11,F10-11,F10-11,F10-11,F10-11,F10-11,F10-11,F10-11,F10-11,F10-11,F10-11,F10-11,F10-11,F10-11,F10-11,F10-11,F10-11,F10-11,F10-11,F10-11,F10-11,F10-11,F10-11,F10-11,F10-11,F10-11,F10-11,F10-11,F10-11,F10-11,F10-11,F10-11,F8-11,F8-11,F8-11,F8-11,F8-11,F8-11,F8-11,F8-11,F8-11,F8-11,F8-11,F8-11,F8-11,F8-11,F8-11,F8-11,F8-11,F8-11,F8-11,F8-11,F8-11,F8-11,F8-11,F8-11,F8-11,F8-11,F8-11,F8-11,F3-11,F3-11,F3-11,F3-11,F3-11,F3-11,F3-11,F3-11,F3-11,F3-11,F3-11,F3-11,F,F,F,F,F,F,F,F,F,E-F,E-F,E-F,E-F,D-F,D-F,D-F,D-F,D-F,D-L,A-L
B27,B27,B27,B27,B27,B27,B27,B27,B27,B27,B27,B27,B27,B27,B27,B26-27,B26-27,B26-27,B26-27,B26-27,B26-27,B26-27,B26-27,B26-27,B26-27,B26-27,B26-27,B26-27,B26-27,B26-27,B26-27,B26-27,B26-27,B26-27,B26-27,B26-27,B26-27,B26-27,B26-27,B26-27,B26-27,B26-27,B26-27,B26-27,B26-27,B26-27,B26-27,B26-27,B26-27,B26-27,B26-27,B26-27,B26-27,B25-27,B25-27,B25-27,B25-27,B25-27,B25-27,B25-27,B25-27,B25-27,B25-27,B25-27,B25-27,B25-27,B25-27,B25-27,B25-27,B25-27,B25-27,B23-27,B23-27,B23-27,B23-27,B23-27,B23-27,B23-27,B23-27,B23-27,B23-27,B23-27,B23-27,B23-27,B23-27,B23-27,B23-27,B23-27,B23-27,B23-27,B23-27,B23-27,B23-27,B23-27,B23-27,B23-27,B23-27,B23-27,B23-27,B23-27,B23-27,B23-27,B23-27,B23-27,B23-27,B23-27,B23-27,B23-27,B23-27,B23-27,B23-27,B23-27,B23-27,B23-27,B23-27,B23-27,B23-27,B23-27,B23-27,B23-27,B23-27,B23-27,B23-27,B23-27,B23-27,B23-27,B23-27,B23-27,B23-27,B23-27,B23-27,B23-27,B23-27,B23-27,B23-27,B23-27,B23-27,B23-27,B23-27,B23-27,B23-27,B23-27,B23-27,B23-27,B23-27,B23-27,B23-27,B23-27,B23-27,B23-27,B23-27,B23-27,B23-27,B23-27,B23-27,B23-27,B23-27,B23-27,B23-27,B23-27,B23-27,B23-27,B23-27,B23-27,B23-27,B23-30,B23-30,B21-30,B21-30,B21-30,B21-30,B21-30,B21-30,B21-30,B21-30,B21-30,B21-30,B21-30,B21-30,B21-30,B21-30,B15-30,B15-30,B15-30,B15-30,B15-30,B,B,B,B,B-C,B-C,B-C,B-C,B-C,A-C,A-C,A-C,A-C,A-L
C0,C0,C0,C0,C0,C0,C0,C0,C0,C0,C0,C0,C0,C0,C0,C0,C0,C0,C0,C0,C0,C0,C0,C0,C0,C0,C0,C0,C0,C0,C0,C0,C0,C0,C0,C0,C0,C0,C0,C0,C0,C0,C0,C0,C0,C0,C0,C0,C0,C0,C0,C0,C0,C0,C0,C0,C0,C0,C0,C0,C0,C0,C0,C0,C0,C0,C0,C0,C0,C0,C0,C0,C0,C0,C0,C0,C0,C0-1,C0-1,C0-1,C0-1,C0-1,C0-1,C0-1,C0-1,C0-1,C0-1,C0-1,C0-1,C0-1,C0-1,C0-1,C0-1,C0-1,C0-1,C0-1,C0-1,C0-1,C0-1,C0-1,C0-1,C0-1,C0-1,C0-1,C0-1,C0-1,C0-1,C0-1,C0-1,C0-1,C0-1,C0-1,C0-1,C0-1,C0-1,C0-1,C0-1,C0-1,C0-1,C0-1,C0-1,C0-1,C0-1,C0-1,C0-1,C0-1,C0-1,C0-1,C0-1,C0-1,C0-1,C0-1,C0-1,C0-1,C0-1,C0-1,C0-1,C0-1,C0-1,C0-1,C0-1,C0-1,C0-1,C0-1,C0-1,C0-1,C0-1,C0-1,C0-1,C0-1,C0-1,C0-1,C0-1,C0-1,C0-1,C0-4,C0-4,C0-4,C0-4,C0-4,C0-4,C0-4,C0-4,C0-4,C0-4,C0-4,C0-4,C0-4,C0-4,C0-4,C0-4,C0-4,C0-4,C0-4,C0-4,C0-4,C0-4,C0-4,C0-4,C0-4,C0-4,C0-4,C0-4,C0-4,C0-4,C0-4,C0-4,C0-4,C,C,B-C,B-C,B-C,B-C,B-C,A-C,A-C,A-C,A-C,A-L
J10,J10,J10,J10,J10,J10,J10,J10,J9-10,J9-10,J9-10,J9-10,J9-10,J9-10,J9-10,J9-10,J9-10,J9-10,J9-10,J9-10,J9-10,J9-10,J9-10,J9-10,J9-10,J9-10,J9-10,J9-10,J9-10,J9-10,J9-10,J9-10,J9-10,J9-10,J9-10,J9-10,J9-10,J9-10,J9-10,J9-10,J9-10,J9-10,J9-10,J9-10,J9-10,J9-10,J9-10,J9-10,J9-10,J9-10,J9-10,J9-10,J9-10,J9-10,J9-10,J9-10,J9-10,J9-10,J9-10,J9-10,J9-10,J9-10,J9-10,J9-10,J9-10,J9-10,J9-10,J9-10,J9-10,J9-10,J9-10,J9-10,J9-10,J9-10,J7-10,J7-10,J7-10,J7-10,J7-10,J7-10,J7-10,J7-10,J7-10,J7-10,J7-10,J7-10,J7-10,J7-10,J7-10,J7-10,J7-10,J7-10,J7-10,J7-10,J7-10,J7-10,J7-10,J7-10,J7-10,J7-10,J7-10,J7-10,J7-10,J5-10,J5-10,J5-10,J5-10,J5-10,J5-10,J5-10,J5-10,J5-10,J5-10,J5-10,J5-10,J5-10,J5-10,J5-10,J5-10,J5-10,J5-10,J5-10,J5-10,J5-10,J5-10,J5-10,J5-10,J5-10,J5-10,J1-10,J1-10,J1-10,J1-10,J1-10,J1-10,J1-10,J1-10,J1-10,J1-10,J1-10,J1-10,J1-10,J1-10,J1-10,J1-10,J1-10,J1-10,J1-10,J1-10,J1-10,J1-10,J1-10,J1-10,J1-10,J1-10,J1-10,J0-10,J0-10,J0-10,J0-10,J0-10,J0-10,J0-10,J0-10,J0-10,J0-10,J0-10,J0-10,J0-10,J0-10,J0-10,J0-10,J0-10,J0-10,J0-10,J0-10,J0-10,J0-10,J0-10,J0-10,J0-10,J0-10,J0-10,J0-10,J0-10,J,J,J,J,J,J,J,J,J,J-L,J-L,I-L,G-L,D-L,A-L
A5,A5,A5,A5,A5,A5,A5,A5,A5,A5,A5,A5,A5,A5,A5,A5,A5,A5,A5,A5,A5,A5,A5,A5,A5,A5,A5,A5,A5,A4-5,A4-5,A4-5,A4-5,A4-5,A4-5,A4-5,A4-5,A4-5,A4-5,A4-5,A4-5,A4-5,A4-5,A4-5,A4-5,A4-5,A4-5,A4-5,A4-5,A4-5,A4-5,A4-5,A4-5,A4-5,A4-5,A4-5,A4-5,A4-5,A4-5,A4-5,A4-5,A4-5,A4-5,A4-5,A4-5,A4-5,A4-5,A4-5,A4-5,A4-5,A4-5,A4-5,A4-5,A4-5,A4-5,A4-5,A4-5,A4-5,A4-5,A4-5,A4-5,A4-5,A4-5,A4-5,A4-5,A4-5,A4-5,A4-5,A4-5,A4-5,A4-5,A4-5,A4-5,A4-5,A4-5,A4-5,A4-5,A4-5,A4-5,A4-5,A4-5,A4-5,A4-5,A4-5,A4-5,A4-5,A4-5,A4-5,A4-5,A4-5,A4-5,A4-5,A4-5,A4-5,A4-5,A4-5,A4-5,A4-5,A4-5,A4-5,A4-5,A4-5,A4-5,A4-5,A4-5,A4-5,A4-5,A4-5,A4-5,A4-5,A4-5,A4-5,A4-5,A4-5,A4-5,A4-5,A4-5,A4-5,A4-5,A4-5,A4-5,A4-5,A4-5,A4-5,A4-5,A4-5,A4-5,A4-5,A4-5,A4-5,A4-5,A4-8,A4-8,A4-8,A4-8,A4-8,A4-8,A4-8,A4-8,A4-8,A4-8,A4-8,A4-8,A4-8,A4-8,A4-8,A4-8,A4-8,A4-8,A4-8,A4-8,A4-8,A4-8,A4-8,A4-8,A0-8,A0-8,A0-8,A0-8,A0-8,A0-8,A0-8,A0-8,A0-8,A0-8,A0-8,A0-8,A,A,A,A,A,A,A,A,A-C,A-C,A-C,A-C,A-L
L7,L7,L7,L7,L7,L7,L7,L7,L7,L7,L7,L7,L7,L7,L7,L7,L7,L7,L7,L7,L7,L7,L7,L7,L7,L7,L7,L7,L7,L7,L7,L7,L7,L7,L7,L7,L7,L7,L7,L7,L7,L7,L7,L7-9,L7-9,L7-9,L7-9,L7-9,L7-9,L7-9,L7-9,L7-9,L7-9,L7-9,L7-9,L7-9,L7-9,L7-9,L7-9,L7-9,L7-9,L7-9,L7-9,L7-9,L7-9,L7-9,L7-9,L7-9,L7-9,L7-9,L7-9,L7-9,L7-9,L7-9,L7-9,L7-9,L7-9,L7-9,L7-9,L7-9,L7-9,L7-9,L7-9,L7-9,L7-9,L7-9,L7-9,L7-9,L7-9,L7-9,L7-9,L7-9,L7-9,L7-9,L7-9,L7-9,L7-9,L7-9,L7-9,L7-9,L7-9,L7-9,L7-9,L7-9,L7-9,L7-9,L7-9,L7-9,L7-12,L7-12,L7-12,L7-12,L7-12,L7-12,L7-12,L7-12,L7-12,L7-12,L7-12,L7-12,L7-12,L7-12,L7-12,L7-12,L7-12,L7-12,L7-12,L7-12,L7-12,L7-12,L7-12,L7-12,L7-12,L7-12,L7-12,L7-12,L7-12,L7-12,L7-12,L7-12,L7-12,L7-12,L7-12,L7-12,L7-12,L7-12,L7-12,L7-12,L7-12,L7-12,L7-12,L7-12,L7-12,L7-12,L7-12,L7-12,L7-12,L7-12,L3-12,L3-12,L3-12,L3-12,L3-12,L3-12,L3-12,L3-12,L3-12,L3-12,L3-12,L3-12,L3-12,L3-12,L0-12,L0-12,L0-12,L0-12,L0-12,L0-12,L0-12,L0-12,L0-12,L0-12,L0-12,L0-12,L,L,L,L,L,L,L,L,K-L,K-L,J-L,J-L,I-L,G-L,D-L,A-L
I8,I8,I8,I8,I8,I8,I8,I8,I8,I8,I8,I8,I8,I8,I8,I8,I8,I8,I8,I8,I8,I8,I8,I8,I8,I8,I8,I8,I8,I8,I8,I8,I8,I8,I8,I8,I8,I8,I8,I8,I8,I8,I8,I8,I8,I8-9,I8-9,I8-9,I8-9,I8-9,I8-9,I8-9,I8-9,I8-9,I8-9,I8-9,I8-9,I8-9,I8-9,I8-9,I8-9,I8-9,I8-9,I8-9,I8-9,I8-9,I8-9,I8-9,I8-9,I8-9,I8-9,I8-9,I8-9,I8-9,I8-9,I8-9,I8-9,I8-9,I8-9,I8-9,I8-9,I8-9,I8-9,I8-9,I8-9,I8-9,I8-9,I8-9,I8-9,I8-9,I8-9,I8-9,I8-9,I8-9,I8-9,I8-9,I8-9,I8-9,I8-9,I8-9,I8-9,I8-9,I8-9,I8-9,I7-9,I7-9,I7-9,I7-9,I7-9,I7-9,I7-9,I7-9,I7-9,I7-9,I7-9,I7-9,I7-9,I7-9,I7-9,I7-9,I7-9,I7-9,I7-9,I7-9,I7-9,I7-9,I7-9,I7-9,I7-9,I7-9,I7-9,I7-9,I7-9,I7-9,I7-9,I7-9,I7-9,I7-9,I7-9,I7-9,I7-9,I7-9,I7-9,I7-9,I7-9,I7-9,I7-9,I6-9,I6-9,I6-9,I6-9,I6-9,I6-9,I6-9,I6-9,I6-9,I6-9,I6-9,I6-9,I6-9,I6-9,I6-9,I6-9,I6-9,I6-9,I6-9,I6-9,I6-9,I6-9,I6-9,I6-13,I6-13,I6-13,I6-13,I6-13,I6-13,I6-13,I6-13,I6-13,I6-13,I6-13,I6-13,I,I,I,I,I,I,I,I,I,I,I,I,I,I,I-L,G-L,D-L,A-L
F0,F0,F0,F0,F0,F0,F0,F0,F0,F0,F0,F0,F0,F0,F0,F0,F0,F0,F0,F0,F0,F0,F0,F0,F0,F0,F0,F0,F0,F0,F0,F0,F0,F0,F0,F0,F0,F0,F0,F0,F0,F0,F0,F0,F0,F0,F0,F0,F0,F0,F0,F0,F0,F0,F0,F0,F0,F0,F0,F0,F0,F0,F0,F0,F0,F0,F0,F0,F0,F0,F0,F0,F0,F0,F0,F0,F0,F0,F0,F0,F0,F0,F0,F0,F0,F0,F0,F0,F0,F0,F0,F0,F0,F0,F0,F0,F0,F0,F0,F0,F0,F0,F0,F0,F0,F0,F0,F0,F0,F0,F0,F0,F0,F0,F0,F0,F0,F0,F0,F0,F0,F0,F0,F0,F0,F0,F0,F0,F0,F0,F0,F0,F0,F0,F0,F0,F0,F0,F0,F0,F0,F0,F0,F0,F0,F0,F0,F0,F0,F0,F0-2,F0-2,F0-2,F0-2,F0-2,F0-2,F0-2,F0-2,F0-2,F0-2,F0-2,F0-2,F0-2,F0-2,F0-2,F0-2,F0-2,F0-2,F0-2,F0-2,F0-2,F0-2,F0-2,F0-2,F0-2,F0-2,F0-2,F0-2,F0-2,F0-2,F,F,F,F,F,F,F,F,F,E-F,E-F,E-F,E-F,D-F,D-F,D-F,D-F,D-F,D-L,A-L
A16,A16,A16,A16,A16,A16,A16,A16,A16,A16,A16,A16,A16,A16,A16,A16,A16,A16,A16,A16,A16,A16,A16,A16,A16,A16,A16,A16,A16,A16,A16,A16,A16,A16,A16,A16,A16,A16,A16,A16,A16,A16,A16,A16,A16,A16,A16,A16,A16,A16,A16,A16,A16,A16,A16,A16,A16,A16,A16,A16,A16,A16,A16,A16,A16,A16,A16,A16,A16,A16,A16,A16,A16,A16,A16,A16,A16,A16,A16,A16,A16,A16,A16,A16,A16,A16,A16,A16,A16,A16,A16,A16,A16,A16,A16,A16,A16,A16,A16,A16,A16,A16,A16,A16,A16,A16,A16,A16,A16,A16,A16,A16,A16,A16,A16-18,A16-18,A16-18,A16-18,A16-18,A16-18,A16-18,A16-18,A16-18,A16-18,A16-18,A16-18,A16-18,A16-18,A16-18,A16-18,A16-18,A16-18,A16-18,A16-18,A16-18,A16-18,A16-18,A16-18,A16-18,A16-18,A16-18,A16-18,A16-18,A13-18,A13-18,A13-18,A13-18,A13-18,A13-18,A13-18,A13-18,A13-18,A13-18,A13-18,A13-18,A13-18,A13-18,A13-18,A13-18,A13-18,A13-18,A13-18,A13-18,A13-18,A13-18,A13-18,A13-18,A13-18,A13-18,A13-18,A13-18,A13-18,A13-18,A13-18,A13-18,A13-18,A13-18,A9-18,A9-18,A9-18,A9-18,A9-18,A9-18,A9-18,A9-18,A9-18,A9-18,A,A,A,A,A,A,A,A,A-C,A-C,A-C,A-C,A-L
H1,H1,H1,H1,H1,H1,H1,H1,H1,H1,H1,H1,H1,H1,H1,H1,H1,H1,H1,H1,H1,H1,H1,H1,H1,H1,H1,H1,H1,H1,H1,H1,H1,H1,H1,H1,H1,H1,H1,H1,H1,H1,H1-3,H1-3,H1-3,H1-3,H1-3,H1-3,H1-3,H1-3,H1-3,H1-3,H1-3,H1-3,H1-3,H1-3,H1-3,H1-3,H1-3,H1-3,H1-3,H1-3,H1-3,H1-3,H1-3,H1-3,H1-3,H1-3,H1-3,H1-3,H1-3,H1-3,H1-3,H1-3,H1-3,H1-3,H1-3,H1-3,H1-3,H1-3,H1-3,H1-3,H1-3,H1-3,H1-3,H1-3,H1-3,H0-3,H0-3,H0-3,H0-3,H0-3,H0-3,H0-3,H0-3,H0-3,H0-3,H0-3,H0-3,H0-3,H0-3,H0-3,H0-3,H0-3,H0-3,H0-3,H0-3,H0-3,H0-3,H0-3,H0-3,H0-3,H0-3,H0-3,H0-3,H0-3,H0-3,H0-3,H0-3,H0-3,H0-3,H0-3,H0-3,H0-3,H0-3,H0-3,H0-3,H0-3,H0-3,H0-3,H0-3,H0-3,H0-3,H0-3,H0-3,H0-3,H0-3,H0-3,H0-3,H0-3,H0-3,H0-3,H0-3,H0-3,H0-3,H0-3,H0-3,H0-3,H0-10,H0-10,H0-10,H0-10,H0-10,H0-10,H0-10,H0-10,H0-10,H0-10,H0-10,H0-10,H0-10,H0-10,H0-10,H0-10,H0-10,H0-10,H0-10,H0-10,H0-10,H0-10,H0-10,H0-10,H0-10,H0-10,H0-10,H0-10,H0-10,H0-10,H,H,H,H,H,H,H,H,H,H,H,H,H,G-H,G-H,G-H,G-H,G-H,G-H,G-L,D-L,A-L
F2,F2,F2,F2,F2,F2,F2,F2,F2,F2,F2,F2,F2,F2,F2,F2,F2,F2,F2,F2,F2,F2,F2,F2,F2,F2,F2,F2,F2,F2,F2,F2,F2,F2,F2,F2,F2,F2,F2,F2,F2,F2,F2,F2,F2,F2,F2,F2,F2,F2,F2,F2,F2,F2,F2,F2,F2,F2,F2,F2,F2,F2,F2,F2,F2,F2,F2,F2,F2,F2,F2,F2,F2,F2,F2,F2,F2,F2,F2,F2,F2,F2,F2,F2,F2,F2,F2,F2,F2,F2,F2,F2,F2,F2,F2,F2,F2,F2,F2,F2,F2,F2,F2,F2,F2,F2,F2,F2,F2,F2,F2,F2,F2,F2,F2,F2,F2,F2,F2,F2,F2,F2,F2,F2,F2,F2,F1-2,F1-2,F1-2,F1-2,F1-2,F1-2,F1-2,F1-2,F1-2,F1-2,F1-2,F1-2,F1-2,F1-2,F1-2,F1-2,F1-2,F1-2,F1-2,F1-2,F1-2,F1-2,F1-2,F1-2,F0-2,F0-2,F0-2,F0-2,F0-2,F0-2,F0-2,F0-2,F0-2,F0-2,F0-2,F0-2,F0-2,F0-2,F0-2,F0-2,F0-2,F0-2,F0-2,F0-2,F0-2,F0-2,F0-2,F0-2,F0-2,F0-2,F0-2,F0-2,F0-2,F0-2,F,F,F,F,F,F,F,F,F,E-F,E-F,E-F,E-F,D-F,D-F,D-F,D-F,D-F,D-L,A-L
H6,H6,H6,H6,H6,H6,H6,H6,H6,H6,H6,H6,H6,H6,H5-6,H5-6,H5-6,H5-6,H5-6,H5-6,H5-6,H5-6,H5-6,H5-6,H5-6,H5-6,H5-6,H5-6,H5-6,H5-6,H5-6,H4-6,H4-6,H4-6,H4-6,H4-6,H4-6,H4-6,H4-6,H4-6,H4-6,H4-6,H4-6,H4-6,H4-6,H4-6,H4-6,H4-6,H4-6,H4-6,H4-6,H4-6,H4-6,H4-6,H4-6,H4-6,H4-6,H4-6,H4-6,H4-6,H4-6,H4-6,H4-6,H4-6,H4-6,H4-6,H4-6,H4-6,H4-6,H4-6,H4-6,H4-6,H4-6,H4-6,H4-6,H4-6,H4-6,H4-6,H4-6,H4-6,H4-6,H4-6,H4-6,H4-6,H4-6,H4-6,H4-6,H4-6,H4-6,H4-6,H4-6,H4-6,H4-6,H4-6,H4-6,H4-6,H4-6,H4-6,H4-6,H4-6,H4-6,H4-6,H4-6,H4-6,H4-6,H4-6,H4-6,H4-6,H4-6,H4-6,H4-6,H4-6,H4-6,H4-6,H4-6,H4-6,H4-6,H4-6,H4-6,H4-6,H4-6,H4-6,H4-6,H4-6,H4-6,H4-6,H4-6,H4-6,H4-6,H4-6,H4-6,H4-6,H4-10,H4-10,H4-10,H4-10,H4-10,H4-10,H4-10,H4-10,H4-10,H4-10,H4-10,H4-10,H4-10,H4-10,H4-10,H4-10,H0-10,H0-10,H0-10,H0-10,H0-10,H0-10,H0-10,H0-10,H0-10,H0-10,H0-10,H0-10,H0-10,H0-10,H0-10,H0-10,H0-10,H0-10,H0-10,H0-10,H0-10,H0-10,H0-10,H0-10,H0-10,H0-10,H0-10,H0-10,H0-10,H0-10,H,H,H,H,H,H,H,H,H,H,H,H,H,G-H,G-H,G-H,G-H,G-H,G-H,G-L,D-L,A-L
J2,J2,J2,J1-2,J1-2,J1-2,J1-2,J1-2,J1-2,J1-2,J1-2,J1-2,J1-2,J1-2,J1-2,J1-2,J1-2,J1-2,J1-2,J1-2,J1-2,J1-4,J1-4,J1-4,J1-4,J1-4,J1-4,J1-4,J1-4,J1-4,J1-4,J1-4,J1-4,J1-4,J1-4,J1-4,J1-4,J1-4,J1-4,J1-4,J1-4,J1-4,J1-4,J1-4,J1-4,J1-4,J1-4,J1-4,J1-4,J1-4,J1-4,J1-4,J1-4,J1-4,J1-4,J1-4,J1-4,J1-4,J1-4,J1-4,J1-4,J1-4,J1-4,J1-4,J1-4,J1-4,J1-4,J1-4,J1-4,J1-4,J1-4,J1-4,J1-4,J1-4,J1-4,J1-4,J1-4,J1-4,J1-4,J1-4,J1-4,J1-4,J1-4,J1-4,J1-4,J1-4,J1-4,J1-4,J1-4,J1-4,J1-4,J1-4,J1-4,J1-4,J1-4,J1-4,J1-4,J1-4,J1-4,J1-4,J1-4,J1-4,J1-4,J1-4,J1-4,J1-4,J1-4,J1-4,J1-4,J1-4,J1-4,J1-4,J1-4,J1-4,J1-4,J1-4,J1-4,J1-4,J1-4,J1-4,J1-4,J1-4,J1-4,J1-4,J1-4,J1-4,J1-4,J1-4,J1-4,J1-10,J1-10,J1-10,J1-10,J1-10,J1-10,J1-10,J1-10,J1-10,J1-10,J1-10,J1-10,J1-10,J1-10,J1-10,J1-10,J1-10,J1-10,J1-10,J1-10,J1-10,J1-10,J1-10,J1-10,J1-10,J1-10,J1-10,J0-10,J0-10,J0-10,J0-10,J0-10,J0-10,J0-10,J0-10,J0-10,J0-10,J0-10,J0-10,J0-10,J0-10,J0-10,J0-10,J0-10,J0-10,J0-10,J0-10,J0-10,J0-10,J0-10,J0-10,J0-10,J0-10,J0-10,J0-10,J0-10,J,J,J,J,J,J,J,J,J,J-L,J-L,I-L,G-L,D-L,A-L
F7,F7,F7,F7,F7,F7,F7,F7,F7,F7,F7,F7,F7,F7,F7,F7,F7,F7,F7,F7,F7,F7,F7,F7,F6-7,F6-7,F6-7,F6-7,F6-7,F6-7,F6-7,F6-7,F6-7,F6-7,F6-7,F6-7,F6-7,F6-7,F6-7,F6-7,F6-7,F6-7,F6-7,F6-7,F6-7,F6-7,F6-7,F6-7,F6-7,F6-7,F6-7,F6-7,F6-7,F6-7,F6-7,F6-7,F6-7,F4-7,F4-7,F4-7,F4-7,F4-7,F4-7,F4-7,F4-7,F4-7,F4-7,F4-7,F4-7,F4-7,F4-7,F4-7,F4-7,F4-7,F4-7,F4-7,F4-7,F4-7,F4-7,F4-7,F4-7,F4-7,F4-7,F4-7,F4-7,F4-7,F4-7,F4-7,F4-7,F4-7,F3-7,F3-7,F3-7,F3-7,F3-7,F3-7,F3-7,F3-7,F3-7,F3-7,F3-7,F3-7,F3-7,F3-7,F3-7,F3-7,F3-7,F3-7,F3-7,F3-7,F3-7,F3-7,F3-7,F3-7,F3-7,F3-7,F3-7,F3-7,F3-7,F3-7,F3-7,F3-7,F3-7,F3-7,F3-7,F3-7,F3-7,F3-7,F3-7,F3-7,F3-7,F3-7,F3-7,F3-7,F3-7,F3-7,F3-7,F3-7,F3-7,F3-7,F3-7,F3-7,F3-7,F3-7,F3-7,F3-7,F3-7,F3-7,F3-7,F3-7,F3-7,F3-7,F3-7,F3-7,F3-7,F3-7,F3-7,F3-7,F3-7,F3-7,F3-7,F3-7,F3-7,F3-7,F3-7,F3-7,F3-7,F3-7,F3-11,F3-11,F3-11,F3-11,F3-11,F3-11,F3-11,F3-11,F3-11,F3-11,F3-11,F3-11,F,F,F,F,F,F,F,F,F,E-F,E-F,E-F,E-F,D-F,D-F,D-F,D-F,D-F,D-L,A-L
I7,I7,I7,I7,I7,I7,I7,I7,I7,I7,I7,I7,I7,I7,I7,I7,I7,I7,I7,I7,I7,I7,I7,I7,I7,I7,I7,I7,I7,I7,I7,I7,I7,I7,I7,I7,I7,I7,I7,I7,I7,I7,I7,I7,I7,I7,I7,I7,I7,I7,I7,I7,I7,I7,I7,I7,I7,I7,I7,I7,I7,I7,I7,I7,I7,I7,I7,I7,I7,I7,I7,I7,I7,I7,I7,I7,I7,I7,I7,I7,I7,I7,I7,I7,I7,I7,I7,I7,I7,I7,I7,I7,I7,I7,I7,I7,I7,I7,I7,I7,I7,I7,I7,I7,I7-9,I7-9,I7-9,I7-9,I7-9,I7-9,I7-9,I7-9,I7-9,I7-9,I7-9,I7-9,I7-9,I7-9,I7-9,I7-9,I7-9,I7-9,I7-9,I7-9,I7-9,I7-9,I7-9,I7-9,I7-9,I7-9,I7-9,I7-9,I7-9,I7-9,I7-9,I7-9,I7-9,I7-9,I7-9,I7-9,I7-9,I7-9,I7-9,I7-9,I7-9,I7-9,I7-9,I6-9,I6-9,I6-9,I6-9,I6-9,I6-9,I6-9,I6-9,I6-9,I6-9,I6-9,I6-9,I6-9,I6-9,I6-9,I6-9,I6-9,I6-9,I6-9,I6-9,I6-9,I6-9,I6-9,I6-13,I6-13,I6-13,I6-13,I6-13,I6-13,I6-13,I6-13,I6-13,I6-13,I6-13,I6-13,I,I,I,I,I,I,I,I,I,I,I,I,I,I,I-L,G-L,D-L,A-L
J20,J20,J20,J20,J20,J20,J20,J20,J20,J20,J20,J20,J20,J20,J20,J20,J20,J20,J20,J20,J20,J20,J20,J20,J20,J20,J20,J20,J20,J20,J20,J20,J20,J20,J20,J20,J20,J20,J20-22,J20-22,J20-22,J20-22,J20-22,J20-22,J20-22,J20-22,J20-22,J20-22,J20-22,J20-22,J20-22,J20-22,J20-22,J20-22,J20-22,J20-22,J20-22,J20-22,J20-22,J20-22,J20-22,J20-22,J20-22,J20-22,J20-22,J20-22,J20-22,J20-22,J20-22,J20-22,J20-22,J20-22,J20-22,J20-22,J20-22,J20-22,J20-22,J20-22,J20-22,J20-22,J20-22,J20-22,J20-22,J20-22,J20-22,J20-22,J20-22,J20-22,J20-22,J20-22,J20-22,J20-26,J20-26,J20-26,J20-26,J20-26,J20-26,J20-26,J20-26,J20-26,J20-26,J20-26,J20-26,J20-26,J20-26,J20-26,J20-26,J20-26,J20-26,J20-26,J20-26,J20-26,J20-26,J20-26,J20-26,J20-26,J20-26,J20-26,J20-26,J20-26,J20-26,J20-26,J20-26,J20-26,J20-26,J20-26,J20-26,J20-26,J20-26,J20-26,J20-26,J20-26,J20-26,J20-26,J20-26,J20-26,J20-26,J20-26,J20-26,J20-26,J20-26,J20-26,J20-26,J20-26,J17-26,J17-26,J17-26,J17-26,J17-26,J17-26,J17-26,J17-26,J17-26,J17-26,J17-26,J17-26,J17-26,J17-26,J17-26,J17-26,J17-26,J17-26,J17-26,J17-26,J17-26,J17-26,J17-26,J17-26,J17-26,J17-26,J17-26,J17-26,J17-26,J17-26,J17-26,J17-26,J11-26,J11-26,J11-26,J11-26,J11-26,J11-26,J11-26,J11-26,J11-26,J,J,J,J,J,J,J,J,J,J-L,J-L,I-L,G-L,D-L,A-L
L19,L19,L19,L19,L19,L19,L19,L19,L19,L19,L19,L19,L19,L19,L19,L19,L19,L19,L19,L19,L19,L19,L19,L19,L19,L19,L19,L19,L19,L19,L19,L19,L19,L19,L19,L19,L19,L19,L19,L19,L19,L19,L19,L19,L19,L19,L19,L19,L19,L19,L19,L19,L19,L19,L19,L19,L19,L19,L19,L19,L19,L19,L19,L19,L19,L19,L19,L19,L19,L19,L19,L19,L19,L19,L19,L19,L19,L19,L19,L19,L19,L19,L19,L19,L19,L19,L19,L19,L19,L19,L19,L19,L19,L19,L19,L19,L19,L19,L19,L19,L19,L19,L19,L19,L19,L19,L19,L19,L19,L19,L19,L19,L19,L19,L19,L19,L19,L19,L19,L19,L19,L19,L19,L19,L19,L19,L19,L19,L19,L19,L19,L19,L19,L19,L19,L19,L19,L19,L19,L19,L19,L19,L18-19,L18-19,L18-19,L18-19,L18-19,L18-19,L18-19,L18-19,L18-19,L18-19,L18-19,L18-19,L18-19,L18-19,L18-19,L18-19,L18-19,L18-19,L18-19,L18-19,L18-19,L18-19,L18-19,L18-19,L18-19,L18-19,L18-19,L18-19,L18-19,L18-19,L18-19,L18-19,L13-19,L13-19,L13-19,L13-19,L13-19,L13-19,L13-19,L13-19,L13-19,L13-19,L,L,L,L,L,L,L,L,K-L,K-L,J-L,J-L,I-L,G-L,D-L,A-L
B17,B17,B17,B17,B17,B17,B17,B17,B17,B17,B17,B17,B17,B17,B17,B17,B17,B17,B17,B17,B17,B17,B17,B17,B17,B17,B17,B17,B17,B17,B17,B17,B17,B17,B17,B17,B17,B16-17,B16-17,B16-17,B16-17,B16-17,B16-17,B16-17,B16-17,B16-17,B16-17,B16-17,B16-17,B16-17,B16-17,B16-17,B16-17,B16-17,B16-17,B16-17,B16-17,B16-17,B16-17,B16-17,B16-17,B16-17,B16-17,B16-17,B16-17,B16-17,B16-17,B16-17,B16-17,B16-17,B16-17,B16-17,B16-17,B16-17,B16-17,B16-17,B16-17,B16-17,B16-17,B16-17,B16-17,B16-17,B16-17,B16-17,B16-17,B16-17,B16-17,B16-17,B16-17,B16-17,B16-17,B16-17,B16-17,B16-17,B16-17,B16-17,B16-17,B15-17,B15-17,B15-17,B15-17,B15-17,B15-17,B15-17,B15-17,B15-17,B15-17,B15-17,B15-17,B15-17,B15-17,B15-17,B15-17,B15-17,B15-17,B15-17,B15-17,B15-17,B15-17,B15-17,B15-17,B15-17,B15-17,B15-17,B15-17,B15-17,B15-17,B15-17,B15-17,B15-17,B15-17,B15-17,B15-17,B15-17,B15-17,B15-17,B15-17,B15-17,B15-17,B15-17,B15-17,B15-17,B15-17,B15-17,B15-17,B15-20,B15-20,B15-20,B15-20,B15-20,B15-20,B15-20,B15-20,B15-20,B15-20,B15-20,B15-20,B15-20,B15-20,B15-20,B15-20,B15-20,B15-20,B15-20,B15-20,B15-20,B15-20,B15-20,B15-20,B15-20,B15-20,B15-20,B15-20,B15-20,B15-20,B15-20,B15-20,B15-20,B15-20,B15-20,B15-20,B15-30,B15-30,B15-30,B15-30,B15-30,B,B,B,B,B-C,B-C,B-C,B-C,B-C,A-C,A-C,A-C,A-C,A-L
H9,H9,H9,H9,H9,H9,H9,H9,H9,H9,H9,H9,H9,H9,H9,H9,H9,H9,H9,H9,H9,H9,H9,H9,H9,H9-10,H9-10,H9-10,H9-10,H9-10,H9-10,H9-10,H7-10,H7-10,H7-10,H7-10,H7-10,H7-10,H7-10,H7-10,H7-10,H7-10,H7-10,H7-10,H7-10,H7-10,H7-10,H7-10,H7-10,H7-10,H7-10,H7-10,H7-10,H7-10,H7-10,H7-10,H7-10,H7-10,H7-10,H7-10,H7-10,H7-10,H7-10,H7-10,H7-10,H7-10,H7-10,H7-10,H7-10,H7-10,H7-10,H7-10,H7-10,H7-10,H7-10,H7-10,H7-10,H7-10,H7-10,H7-10,H7-10,H7-10,H7-10,H7-10,H7-10,H7-10,H7-10,H7-10,H7-10,H7-10,H7-10,H7-10,H7-10,H7-10,H7-10,H7-10,H7-10,H7-10,H7-10,H7-10,H7-10,H7-10,H7-10,H7-10,H7-10,H7-10,H7-10,H7-10,H7-10,H7-10,H7-10,H7-10,H7-10,H7-10,H7-10,H7-10,H7-10,H7-10,H7-10,H7-10,H7-10,H7-10,H7-10,H7-10,H7-10,H7-10,H7-10,H7-10,H7-10,H7-10,H7-10,H7-10,H4-10,H4-10,H4-10,H4-10,H4-10,H4-10,H4-10,H4-10,H4-10,H4-10,H4-10,H4-10,H4-10,H4-10,H4-10,H4-10,H0-10,H0-10,H0-10,H0-10,H0-10,H0-10,H0-10,H0-10,H0-10,H0-10,H0-10,H0-10,H0-10,H0-10,H0-10,H0-10,H0-10,H0-10,H0-10,H0-10,H0-10,H0-10,H0-10,H0-10,H0-10,H0-10,H0-10,H0-10,H0-10,H0-10,H,H,H,H,H,H,H,H,H,H,H,H,H,G-H,G-H,G-H,G-H,G-H,G-H,G-L,D-L,A-L
D12,D12,D12,D12,D12,D12,D12,D12,D12,D12,D12,D12,D12,D12,D12,D12,D12,D12,D12,D12,D12,D12,D12,D12,D12,D12,D12,D12,D12,D12,D12,D12,D12,D12,D12,D12,D12,D12,D12,D12,D12,D12,D12,D12,D12,D12,D12,D12,D12,D12,D12,D12-14,D12-14,D12-14,D12-14,D12-14,D12-14,D12-14,D12-14,D12-14,D12-14,D12-14,D12-14,D12-14,D12-14,D12-14,D12-14,D12-14,D12-14,D12-14,D12-14,D12-14,D12-14,D12-14,D12-14,D12-14,D12-14,D12-14,D12-14,D12-14,D12-14,D12-14,D12-14,D12-14,D12-14,D12-14,D12-14,D12-14,D12-14,D12-14,D12-14,D12-14,D12-14,D12-14,D12-14,D12-14,D12-14,D12-14,D12-14,D12-14,D12-14,D12-14,D12-14,D12-14,D12-14,D12-14,D12-14,D12-14,D12-14,D12-14,D12-14,D12-14,D12-14,D12-14,D12-14,D12-14,D12-14,D12-14,D12-14,D12-14,D12-14,D12-14,D12-14,D12-14,D12-14,D12-14,D12-14,D12-14,D12-14,D12-14,D12-14,D12-14,D12-14,D12-14,D12-14,D12-14,D10-14,D10-14,D10-14,D10-14,D10-14,D10-14,D10-14,D10-14,D10-14,D10-14,D10-14,D10-14,D10-14,D10-14,D10-14,D10-14,D10-14,D10-14,D10-14,D10-14,D10-14,D10-14,D10-14,D10-14,D10-14,D10-14,D10-14,D10-14,D10-14,D10-14,D8-14,D8-14,D8-14,D8-14,D8-14,D8-14,D8-14,D8-14,D8-14,D8-14,D8-14,D8-14,D8-14,D8-14,D8-14,D8-14,D8-14,D,D,D,D,D,D,D,D,D,D,D-F,D-F,D-F,D-F,D-F,D-L,A-L
L12,L12,L12,L12,L12,L12,L12,L12,L12,L12,L12,L12,L12,L12,L12,L12,L12,L12,L12,L12,L12,L12,L12,L12,L12,L12,L12,L11-12,L11-12,L11-12,L11-12,L11-12,L11-12,L11-12,L11-12,L11-12,L11-12,L11-12,L11-12,L11-12,L11-12,L11-12,L11-12,L11-12,L11-12,L11-12,L11-12,L11-12,L11-12,L11-12,L11-12,L11-12,L11-12,L11-12,L11-12,L11-12,L11-12,L11-12,L11-12,L11-12,L11-12,L11-12,L11-12,L11-12,L11-12,L11-12,L11-12,L11-12,L11-12,L11-12,L11-12,L11-12,L11-12,L11-12,L11-12,L10-12,L10-12,L10-12,L10-12,L10-12,L10-12,L10-12,L10-12,L10-12,L10-12,L10-12,L10-12,L10-12,L10-12,L10-12,L10-12,L10-12,L10-12,L10-12,L10-12,L10-12,L10-12,L10-12,L10-12,L10-12,L10-12,L10-12,L10-12,L10-12,L10-12,L10-12,L10-12,L10-12,L7-12,L7-12,L7-12,L7-12,L7-12,L7-12,L7-12,L7-12,L7-12,L7-12,L7-12,L7-12,L7-12,L7-12,L7-12,L7-12,L7-12,L7-12,L7-12,L7-12,L7-12,L7-12,L7-12,L7-12,L7-12,L7-12,L7-12,L7-12,L7-12,L7-12,L7-12,L7-12,L7-12,L7-12,L7-12,L7-12,L7-12,L7-12,L7-12,L7-12,L7-12,L7-12,L7-12,L7-12,L7-12,L7-12,L7-12,L7-12,L7-12,L7-12,L3-12,L3-12,L3-12,L3-12,L3-12,L3-12,L3-12,L3-12,L3-12,L3-12,L3-12,L3-12,L3-12,L3-12,L0-12,L0-12,L0-12,L0-12,L0-12,L0-12,L0-12,L0-12,L0-12,L0-12,L0-12,L0-12,L,L,L,L,L,L,L,L,K-L,K-L,J-L,J-L,I-L,G-L,D-L,A-L
A10,A10,A10,A10,A10,A10,A10,A10,A10,A10,A10,A10,A10,A10,A10,A10,A10,A10,A10,A10,A10,A10,A10,A10,A10,A10,A9-10,A9-10,A9-10,A9-10,A9-10,A9-10,A9-10,A9-10,A9-10,A9-10,A9-10,A9-10,A9-10,A9-10,A9-10,A9-10,A9-10,A9-10,A9-10,A9-10,A9-10,A9-10,A9-10,A9-10,A9-10,A9-10,A9-10,A9-10,A9-10,A9-10,A9-10,A9-10,A9-10,A9-10,A9-10,A9-10,A9-10,A9-10,A9-10,A9-10,A9-10,A9-10,A9-10,A9-10,A9-10,A9-10,A9-10,A9-10,A9-10,A9-10,A9-10,A9-10,A9-10,A9-10,A9-10,A9-10,A9-10,A9-10,A9-10,A9-10,A9-10,A9-10,A9-10,A9-10,A9-10,A9-10,A9-10,A9-10,A9-10,A9-10,A9-12,A9-12,A9-12,A9-12,A9-12,A9-12,A9-12,A9-12,A9-12,A9-12,A9-12,A9-12,A9-12,A9-12,A9-12,A9-12,A9-12,A9-12,A9-12,A9-12,A9-12,A9-12,A9-12,A9-12,A9-12,A9-12,A9-12,A9-12,A9-12,A9-12,A9-12,A9-12,A9-12,A9-12,A9-12,A9-12,A9-12,A9-12,A9-12,A9-12,A9-12,A9-12,A9-12,A9-12,A9-12,A9-12,A9-12,A9-12,A9-12,A9-12,A9-12,A9-12,A9-12,A9-12,A9-12,A9-12,A9-12,A9-12,A9-12,A9-12,A9-12,A9-12,A9-12,A9-12,A9-12,A9-12,A9-12,A9-12,A9-12,A9-12,A9-12,A9-12,A9-12,A9-12,A9-12,A9-12,A9-12,A9-12,A9-12,A9-12,A9-12,A9-18,A9-18,A9-18,A9-18,A9-18,A9-18,A9-18,A9-18,A9-18,A9-18,A,A,A,A,A,A,A,A,A-C,A-C,A-C,A-C,A-L
C10,C10,C10,C10,C10,C10,C10,C10,C10,C10,C10,C10,C10,C10,C10,C10,C10,C10,C10,C10,C10,C10,C10,C10,C10,C10,C10,C10,C10,C10,C10,C10,C10,C10,C10,C10,C10,C10,C10,C10,C10,C10,C10,C10,C10,C10,C10,C10,C10,C10,C10,C10,C10,C10,C10,C10,C10,C10,C10,C10,C10,C10,C10,C10,C10,C10,C10,C10,C10,C10,C10,C10,C10,C10,C10,C10,C10,C10,C10,C10,C10,C10,C10,C10,C10,C10,C10,C10,C10,C10,C10,C10,C10,C10,C10,C10,C10,C10,C10,C10,C10,C10,C10,C10,C10,C10,C10,C10,C10,C10,C10,C10,C10,C10,C10,C10,C10,C10,C10,C10,C10,C10,C10,C10,C10,C10,C10,C10,C10,C10,C10-12,C10-12,C10-12,C10-12,C10-12,C10-12,C10-12,C10-12,C10-12,C10-12,C10-12,C10-12,C10-12,C10-12,C10-12,C10-12,C10-12,C10-12,C10-12,C10-12,C10-12,C10-12,C10-12,C10-12,C10-12,C10-12,C10-12,C7-12,C7-12,C7-12,C7-12,C7-12,C7-12,C7-12,C5-12,C5-12,C5-12,C5-12,C5-12,C5-12,C5-12,C5-12,C5-12,C5-12,C5-12,C5-12,C5-12,C5-12,C5-12,C5-12,C5-12,C5-12,C5-12,C5-12,C5-12,C5-12,C5-12,C5-12,C,C,B-C,B-C,B-C,B-C,B-C,A-C,A-C,A-C,A-C,A-L
G9,G9,G9,G9,G9,G9,G9,G9,G9,G9,G9,G9,G9,G9,G9,G9,G9,G9,G9,G9,G9,G9,G9,G9,G9,G9,G9,G9,G9,G9,G9,G9,G9,G9,G9,G9,G9,G9,G9,G9,G9,G9,G9,G9,G9,G9,G9,G9,G9,G9,G9,G9,G9,G9,G9,G9,G9,G9,G9,G9,G9,G9,G9,G9,G9,G9,G9,G9,G9,G9,G9,G9,G9,G9,G9,G9,G9,G9,G9,G9,G9,G9,G9,G9,G9,G9,G9,G9,G9,G9,G9,G9,G9,G9,G9,G9,G9,G9,G9,G9,G9,G9,G9,G9,G9,G9,G9,G9,G9,G9,G9,G9,G9,G9,G9,G9,G9,G9,G9,G9,G9,G9,G9,G9,G9,G9,G9,G9,G9,G9,G9,G9,G9,G9,G9,G8-9,G8-9,G8-9,G8-9,G8-9,G8-9,G8-9,G8-9,G8-9,G8-9,G8-9,G8-9,G8-9,G8-9,G8-9,G8-9,G8-9,G8-9,G4-9,G4-9,G4-9,G4-9,G4-9,G4-9,G4-9,G4-9,G4-9,G4-9,G4-9,G4-9,G4-9,G4-9,G4-9,G4-9,G4-9,G4-9,G,G,G,G,G,G,G,G,G,G,G,G,G,G,G,G,G,G,G,G,G-H,G-H,G-H,G-H,G-H,G-H,G-L,D-L,A-L
I2,I2,I2,I2,I2,I2,I2,I2,I2,I2,I2,I2,I2,I2,I2,I2,I2,I2,I2,I2,I2,I2,I2,I2,I2,I2,I2,I2,I2,I2,I2,I2,I2,I2,I2,I2,I2,I2,I2,I2,I2,I2,I2,I2,I2,I2,I2,I2,I2,I2,I2,I2,I2,I2,I2,I2,I2,I2,I2,I2,I2,I2,I2,I1-2,I1-2,I1-2,I1-2,I1-2,I1-2,I1-2,I1-2,I1-2,I1-2,I1-2,I1-2,I1-2,I0-2,I0-2,I0-2,I0-2,I0-2,I0-2,I0-2,I0-2,I0-2,I0-2,I0-2,I0-2,I0-2,I0-2,I0-2,I0-2,I0-2,I0-2,I0-2,I0-2,I0-2,I0-2,I0-2,I0-2,I0-2,I0-2,I0-2,I0-2,I0-2,I0-2,I0-2,I0-2,I0-2,I0-2,I0-2,I0-2,I0-2,I0-2,I0-2,I0-2,I0-2,I0-2,I0-2,I0-2,I0-2,I0-2,I0-2,I0-2,I0-2,I0-2,I0-2,I0-2,I0-2,I0-2,I0-2,I0-2,I0-2,I0-2,I0-2,I0-2,I0-2,I0-2,I0-2,I0-2,I0-2,I0-2,I0-2,I0-2,I0-2,I0-2,I0-2,I0-2,I0-2,I0-2,I0-2,I0-2,I0-2,I0-2,I0-2,I0-2,I0-2,I0-2,I0-2,I0-2,I0-2,I0-5,I0-5,I0-5,I0-5,I0-5,I0-5,I0-5,I0-5,I0-5,I0-5,I0-5,I0-5,I0-5,I0-5,I0-5,I0-5,I0-5,I0-5,I0-5,I0-5,I0-5,I,I,I,I,I,I,I,I,I,I,I,I,I,I,I-L,G-L,D-L,A-L
F9,F9,F9,F9,F9,F9,F9,F9,F9,F9,F9,F9,F9,F9,F9,F9,F9,F9,F9,F9,F9,F9,F9,F9,F9,F9,F9,F9,F9,F9,F9,F9,F9,F9,F9,F9,F9,F9,F9,F9,F9,F9,F9,F9,F9,F9,F9,F9,F9,F9,F9,F9,F9,F9,F9,F9,F9,F9,F9,F9,F9,F8-9,F8-9,F8-9,F8-9,F8-9,F8-9,F8-9,F8-9,F8-9,F8-9,F8-9,F8-9,F8-9,F8-9,F8-9,F8-9,F8-9,F8-9,F8-9,F8-9,F8-9,F8-9,F8-9,F8-9,F8-9,F8-9,F8-9,F8-9,F8-9,F8-9,F8-9,F8-9,F8-9,F8-9,F8-9,F8-9,F8-9,F8-9,F8-9,F8-9,F8-9,F8-9,F8-9,F8-9,F8-9,F8-9,F8-9,F8-9,F8-9,F8-9,F8-9,F8-9,F8-9,F8-9,F8-9,F8-9,F8-9,F8-9,F8-9,F8-9,F8-9,F8-9,F8-9,F8-9,F8-9,F8-9,F8-9,F8-9,F8-9,F8-9,F8-9,F8-9,F8-9,F8-9,F8-9,F8-9,F8-9,F8-9,F8-9,F8-11,F8-11,F8-11,F8-11,F8-11,F8-11,F8-11,F8-11,F8-11,F8-11,F8-11,F8-11,F8-11,F8-11,F8-11,F8-11,F8-11,F8-11,F8-11,F8-11,F8-11,F8-11,F8-11,F8-11,F8-11,F8-11,F8-11,F8-11,F3-11,F3-11,F3-11,F3-11,F3-11,F3-11,F3-11,F3-11,F3-11,F3-11,F3-11,F3-11,F,F,F,F,F,F,F,F,F,E-F,E-F,E-F,E-F,D-F,D-F,D-F,D-F,D-F,D-L,A-L
J14,J14,J14,J14,J14,J14,J14,J14,J14,J14,J14,J14,J14,J14,J14,J14,J14,J14,J14,J14,J14,J14,J14,J14,J14,J14,J14,J14,J14,J14,J14,J14,J14,J14,J14,J14,J14,J14,J14,J14,J14,J14,J14,J14,J14,J14,J14,J14,J14,J14,J13-14,J13-14,J13-14,J13-14,J13-14,J13-14,J13-14,J13-14,J13-14,J13-14,J13-14,J13-14,J13-14,J13-14,J13-14,J13-14,J13-14,J13-14,J13-14,J13-14,J13-14,J13-14,J13-14,J13-14,J13-14,J13-14,J13-14,J13-14,J13-14,J13-14,J13-14,J13-14,J13-14,J13-14,J13-14,J13-14,J13-14,J13-14,J13-14,J13-14,J13-14,J13-14,J13-14,J13-14,J13-14,J13-14,J13-14,J13-14,J13-14,J13-14,J13-14,J13-14,J13-14,J13-14,J13-14,J13-14,J13-14,J13-14,J13-14,J13-16,J13-16,J13-16,J13-16,J13-16,J13-16,J13-16,J13-16,J13-16,J13-16,J13-16,J13-16,J13-16,J13-16,J13-16,J13-16,J13-16,J13-16,J13-16,J13-16,J13-16,J13-16,J13-16,J13-16,J13-16,J13-16,J13-16,J13-16,J13-16,J11-16,J11-16,J11-16,J11-16,J11-16,J11-16,J11-16,J11-16,J11-16,J11-16,J11-16,J11-16,J11-16,J11-16,J11-16,J11-16,J11-16,J11-16,J11-16,J11-16,J11-16,J11-16,J11-16,J11-16,J11-16,J11-16,J11-16,J11-16,J11-16,J11-16,J11-16,J11-16,J11-16,J11-16,J11-16,J11-16,J11-16,J11-16,J11-26,J11-26,J11-26,J11-26,J11-26,J11-26,J11-26,J11-26,J11-26,J,J,J,J,J,J,J,J,J,J-L,J-L,I-L,G-L,D-L,A-L
J6,J6,J6,J6,J6,J6,J6,J6,J6,J6,J6,J6,J6,J6,J6,J6,J6,J6,J6,J6,J6,J6,J6,J6,J6,J6,J6,J6,J6,J6,J6,J6,J6,J6,J5-6,J5-6,J5-6,J5-6,J5-6,J5-6,J5-6,J5-6,J5-6,J5-6,J5-6,J5-6,J5-6,J5-6,J5-6,J5-6,J5-6,J5-6,J5-6,J5-6,J5-6,J5-6,J5-6,J5-6,J5-6,J5-6,J5-6,J5-6,J5-6,J5-6,J5-6,J5-6,J5-6,J5-6,J5-6,J5-6,J5-6,J5-6,J5-6,J5-6,J5-6,J5-6,J5-6,J5-6,J5-6,J5-6,J5-6,J5-6,J5-6,J5-6,J5-6,J5-6,J5-6,J5-6,J5-6,J5-6,J5-6,J5-6,J5-6,J5-6,J5-6,J5-6,J5-6,J5-6,J5-6,J5-6,J5-6,J5-6,J5-6,J5-10,J5-10,J5-10,J5-10,J5-10,J5-10,J5-10,J5-10,J5-10,J5-10,J5-10,J5-10,J5-10,J5-10,J5-10,J5-10,J5-10,J5-10,J5-10,J5-10,J5-10,J5-10,J5-10,J5-10,J5-10,J5-10,J1-10,J1-10,J1-10,J1-10,J1-10,J1-10,J1-10,J1-10,J1-10,J1-10,J1-10,J1-10,J1-10,J1-10,J1-10,J1-10,J1-10,J1-10,J1-10,J1-10,J1-10,J1-10,J1-10,J1-10,J1-10,J1-10,J1-10,J0-10,J0-10,J0-10,J0-10,J0-10,J0-10,J0-10,J0-10,J0-10,J0-10,J0-10,J0-10,J0-10,J0-10,J0-10,J0-10,J0-10,J0-10,J0-10,J0-10,J0-10,J0-10,J0-10,J0-10,J0-10,J0-10,J0-10,J0-10,J0-10,J,J,J,J,J,J,J,J,J,J-L,J-L,I-L,G-L,D-L,A-L
D7,D7,D7,D7,D7,D7,D7,D7,D7,D7,D7,D7,D7,D7,D7,D7,D7,D7,D7,D7,D7,D7,D7,D7,D7,D7,D7,D7,D7,D7,D7,D7,D7,D7,D7,D7,D7,D7,D7,D7,D7,D6-7,D6-7,D6-7,D6-7,D6-7,D6-7,D6-7,D6-7,D6-7,D6-7,D6-7,D6-7,D6-7,D6-7,D6-7,D6-7,D6-7,D6-7,D6-7,D6-7,D6-7,D6-7,D6-7,D6-7,D6-7,D6-7,D6-7,D6-7,D6-7,D6-7,D6-7,D6-7,D6-7,D6-7,D6-7,D6-7,D6-7,D6-7,D6-7,D6-7,D6-7,D6-7,D6-7,D6-7,D6-7,D6-7,D6-7,D6-7,D6-7,D6-7,D6-7,D6-7,D6-7,D6-7,D6-7,D6-7,D6-7,D6-7,D6-7,D6-7,D6-7,D5-7,D5-7,D5-7,D5-7,D5-7,D5-7,D5-7,D5-7,D5-7,D5-7,D5-7,D5-7,D5-7,D5-7,D5-7,D5-7,D5-7,D5-7,D5-7,D5-7,D5-7,D5-7,D5-7,D5-7,D5-7,D5-7,D2-7,D2-7,D2-7,D2-7,D2-7,D2-7,D2-7,D2-7,D2-7,D2-7,D2-7,D2-7,D2-7,D2-7,D2-7,D2-7,D2-7,D2-7,D2-7,D2-7,D2-7,D2-7,D2-7,D2-7,D2-7,D2-7,D2-7,D2-7,D2-7,D2-7,D2-7,D2-7,D2-7,D2-7,D0-7,D0-7,D0-7,D0-7,D0-7,D0-7,D0-7,D0-7,D0-7,D0-7,D0-7,D0-7,D0-7,D0-7,D0-7,D0-7,D0-7,D0-7,D0-7,D0-7,D0-7,D,D,D,D,D,D,D,D,D,D,D-F,D-F,D-F,D-F,D-F,D-L,A-L
I11,I11,I11,I11,I11,I11,I11,I11,I11,I11,I11,I11,I11,I11,I11,I11,I11,I11,I11,I11,I11,I11,I11,I11,I11,I11,I11,I11,I11,I11,I11,I11,I11,I11,I11,I11,I11,I11,I11,I11,I11,I11,I11,I11,I11,I11,I11,I11,I11,I11,I11,I11,I11,I11,I11,I11,I11,I11,I11,I11,I11,I11,I11,I11,I11,I11,I11,I11,I11,I11,I11,I11,I11,I11,I11,I11,I11,I11,I11,I11,I11,I11,I11,I11,I11,I11,I11,I11,I11,I11,I11,I11,I11,I11,I11,I11,I11,I11,I11,I11,I11,I11,I11,I11,I11,I11,I11,I11,I11,I11,I11,I11,I11,I11,I11,I11,I11,I11,I11,I11,I11,I11,I11,I11,I11,I11,I11,I11,I11,I11,I11,I11,I11,I11,I11,I11,I11,I11,I11,I11-13,I11-13,I11-13,I11-13,I11-13,I11-13,I11-13,I11-13,I11-13,I11-13,I11-13,I11-13,I11-13,I11-13,I11-13,I11-13,I11-13,I11-13,I11-13,I11-13,I10-13,I10-13,I10-13,I10-13,I10-13,I10-13,I10-13,I10-13,I10-13,I10-13,I10-13,I6-13,I6-13,I6-13,I6-13,I6-13,I6-13,I6-13,I6-13,I6-13,I6-13,I6-13,I6-13,I,I,I,I,I,I,I,I,I,I,I,I,I,I,I-L,G-L,D-L,A-L
D1,D1,D1,D1,D1,D1,D1,D1,D1,D1,D1,D1,D1,D1,D1,D1,D1,D1,D1,D1,D1,D1,D1,D1,D1,D1,D1,D1,D1,D1,D1,D1,D1,D1,D1,D1,D1,D1,D1,D1,D1,D1,D1,D1,D1,D1,D1,D1,D1,D1,D1,D1,D1,D1,D1,D1,D1,D1,D1,D1,D1,D1,D1,D1,D1,D1,D1,D1,D1,D1,D1,D1,D1,D1,D1,D1,D1,D1,D1,D1,D1,D1,D1,D1,D1,D1,D1,D1,D1,D1,D1,D1,D1,D1,D1,D1,D1,D1,D1,D1,D1,D1,D1,D1,D1,D1,D1,D1,D1,D1,D1,D1,D1,D1,D1,D1,D1,D1,D1,D1,D1,D1,D1,D0-1,D0-1,D0-1,D0-1,D0-1,D0-1,D0-1,D0-1,D0-1,D0-1,D0-1,D0-1,D0-1,D0-1,D0-1,D0-1,D0-1,D0-1,D0-1,D0-1,D0-1,D0-1,D0-1,D0-1,D0-1,D0-1,D0-1,D0-1,D0-1,D0-1,D0-1,D0-1,D0-1,D0-1,D0-1,D0-1,D0-1,D0-1,D0-1,D0-7,D0-7,D0-7,D0-7,D0-7,D0-7,D0-7,D0-7,D0-7,D0-7,D0-7,D0-7,D0-7,D0-7,D0-7,D0-7,D0-7,D0-7,D0-7,D0-7,D0-7,D,D,D,D,D,D,D,D,D,D,D-F,D-F,D-F,D-F,D-F,D-L,A-L
H10,H10,H10,H10,H10,H10,H10,H10,H10,H10,H10,H10,H10,H10,H10,H10,H10,H10,H10,H10,H10,H10,H10,H10,H10,H9-10,H9-10,H9-10,H9-10,H9-10,H9-10,H9-10,H7-10,H7-10,H7-10,H7-10,H7-10,H7-10,H7-10,H7-10,H7-10,H7-10,H7-10,H7-10,H7-10,H7-10,H7-10,H7-10,H7-10,H7-10,H7-10,H7-10,H7-10,H7-10,H7-10,H7-10,H7-10,H7-10,H7-10,H7-10,H7-10,H7-10,H7-10,H7-10,H7-10,H7-10,H7-10,H7-10,H7-10,H7-10,H7-10,H7-10,H7-10,H7-10,H7-10,H7-10,H7-10,H7-10,H7-10,H7-10,H7-10,H7-10,H7-10,H7-10,H7-10,H7-10,H7-10,H7-10,H7-10,H7-10,H7-10,H7-10,H7-10,H7-10,H7-10,H7-10,H7-10,H7-10,H7-10,H7-10,H7-10,H7-10,H7-10,H7-10,H7-10,H7-10,H7-10,H7-10,H7-10,H7-10,H7-10,H7-10,H7-10,H7-10,H7-10,H7-10,H7-10,H7-10,H7-10,H7-10,H7-10,H7-10,H7-10,H7-10,H7-10,H7-10,H7-10,H7-10,H7-10,H7-10,H7-10,H7-10,H4-10,H4-10,H4-10,H4-10,H4-10,H4-10,H4-10,H4-10,H4-10,H4-10,H4-10,H4-10,H4-10,H4-10,H4-10,H4-10,H0-10,H0-10,H0-10,H0-10,H0-10,H0-10,H0-10,H0-10,H0-10,H0-10,H0-10,H0-10,H0-10,H0-10,H0-10,H0-10,H0-10,H0-10,H0-10,H0-10,H0-10,H0-10,H0-10,H0-10,H0-10,H0-10,H0-10,H0-10,H0-10,H0-10,H,H,H,H,H,H,H,H,H,H,H,H,H,G-H,G-H,G-H,G-H,G-H,G-H,G-L,D-L,A-L
E2,E2,E2,E2,E2,E2,E2,E2,E2,E2,E2,E2,E2,E2,E2,E2,E2,E2,E2,E2,E2,E2,E2,E2,E2,E2,E2,E2,E2,E2,E2,E2,E2,E2,E2,E2,E2,E2,E2,E2,E2,E2,E2,E2,E2,E2,E2,E2,E2,E2,E2,E2,E2,E2,E2,E2,E2,E2,E2,E2,E2,E2,E2,E2,E2,E2,E2,E2,E2,E2,E2,E2,E2,E2,E2,E2,E2,E2,E2,E2,E2,E2,E2,E2,E2,E2,E2,E2,E2,E2,E2,E2,E2,E2,E2,E2,E2,E2,E2,E2,E2,E2,E2,E2,E2,E2,E2,E2,E2,E2,E2,E2,E2,E2,E2,E2,E2,E2,E2,E2,E2-4,E2-4,E2-4,E2-4,E2-4,E2-4,E2-4,E2-4,E2-4,E2-4,E2-4,E2-4,E2-4,E2-4,E2-4,E2-4,E2-4,E2-4,E2-4,E2-4,E2-4,E2-4,E2-4,E2-4,E2-4,E2-4,E2-4,E2-4,E2-4,E2-4,E2-4,E2-4,E2-4,E2-4,E2-4,E2-4,E2-4,E2-4,E2-4,E2-4,E,E,E,E,E,E,E,E,E,E,E,E,E,E,E,E,E,E,E,E,E,E,E,E,E,E,E,E,E,E-F,E-F,E-F,E-F,D-F,D-F,D-F,D-F,D-F,D-L,A-L
D5,D5,D5,D5,D5,D5,D5,D5,D5,D5,D5,D5,D5,D5,D5,D5,D5,D5,D5,D5,D5,D5,D5,D5,D5,D5,D5,D5,D5,D5,D5,D5,D5,D5,D5,D5,D5,D5,D5,D5,D5,D5,D5,D5,D5,D5,D5,D5,D5,D5,D5,D5,D5,D5,D5,D5,D5,D5,D5,D5,D5,D5,D5,D5,D5,D5,D5,D5,D5,D5,D5,D5,D5,D5,D5,D5,D5,D5,D5,D5,D5,D5,D5,D5,D5,D5,D5,D5,D5,D5,D5,D5,D5,D5,D5,D5,D5,D5,D5,D5,D5,D5,D5-7,D5-7,D5-7,D5-7,D5-7,D5-7,D5-7,D5-7,D5-7,D5-7,D5-7,D5-7,D5-7,D5-7,D5-7,D5-7,D5-7,D5-7,D5-7,D5-7,D5-7,D5-7,D5-7,D5-7,D5-7,D5-7,D2-7,D2-7,D2-7,D2-7,D2-7,D2-7,D2-7,D2-7,D2-7,D2-7,D2-7,D2-7,D2-7,D2-7,D2-7,D2-7,D2-7,D2-7,D2-7,D2-7,D2-7,D2-7,D2-7,D2-7,D2-7,D2-7,D2-7,D2-7,D2-7,D2-7,D2-7,D2-7,D2-7,D2-7,D0-7,D0-7,D0-7,D0-7,D0-7,D0-7,D0-7,D0-7,D0-7,D0-7,D0-7,D0-7,D0-7,D0-7,D0-7,D0-7,D0-7,D0-7,D0-7,D0-7,D0-7,D,D,D,D,D,D,D,D,D,D,D-F,D-F,D-F,D-F,D-F,D-L,A-L
J12,J12,J12,J12,J12,J12,J12,J12,J12,J12,J12,J12,J11-12,J11-12,J11-12,J11-12,J11-12,J11-12,J11-12,J11-12,J11-12,J11-12,J11-12,J11-12,J11-12,J11-12,J11-12,J11-12,J11-12,J11-12,J11-12,J11-12,J11-12,J11-12,J11-12,J11-12,J11-12,J11-12,J11-12,J11-12,J11-12,J11-12,J11-12,J11-12,J11-12,J11-12,J11-12,J11-12,J11-12,J11-12,J11-12,J11-12,J11-12,J11-12,J11-12,J11-12,J11-12,J11-12,J11-12,J11-12,J11-12,J11-12,J11-12,J11-12,J11-12,J11-12,J11-12,J11-12,J11-12,J11-12,J11-12,J11-12,J11-12,J11-12,J11-12,J11-12,J11-12,J11-12,J11-12,J11-12,J11-12,J11-12,J11-12,J11-12,J11-12,J11-12,J11-12,J11-12,J11-12,J11-12,J11-12,J11-12,J11-12,J11-12,J11-12,J11-12,J11-12,J11-12,J11-12,J11-12,J11-12,J11-12,J11-12,J11-12,J11-12,J11-12,J11-12,J11-12,J11-12,J11-12,J11-12,J11-12,J11-12,J11-12,J11-12,J11-12,J11-12,J11-12,J11-12,J11-12,J11-12,J11-12,J11-12,J11-12,J11-12,J11-12,J11-12,J11-12,J11-12,J11-12,J11-12,J11-12,J11-12,J11-12,J11-12,J11-12,J11-12,J11-12,J11-16,J11-16,J11-16,J11-16,J11-16,J11-16,J11-16,J11-16,J11-16,J11-16,J11-16,J11-16,J11-16,J11-16,J11-16,J11-16,J11-16,J11-16,J11-16,J11-16,J11-16,J11-16,J11-16,J11-16,J11-16,J11-16,J11-16,J11-16,J11-16,J11-16,J11-16,J11-16,J11-16,J11-16,J11-16,J11-16,J11-16,J11-16,J11-26,J11-26,J11-26,J11-26,J11-26,J11-26,J11-26,J11-26,J11-26,J,J,J,J,J,J,J,J,J,J-L,J-L,I-L,G-L,D-L,A-L
L14,L14,L14,L14,L14,L14,L14,L14,L14,L14,L14,L14,L14,L14,L14,L14,L14,L14,L14,L14,L14,L14,L14,L14,L14,L14,L14,L14,L14,L14,L14,L14,L14,L14,L14,L14,L14,L14,L14,L14,L14,L14,L14,L14,L14,L14,L13-14,L13-14,L13-14,L13-14,L13-14,L13-14,L13-14,L13-14,L13-14,L13-14,L13-14,L13-14,L13-14,L13-14,L13-14,L13-14,L13-14,L13-14,L13-14,L13-14,L13-14,L13-14,L13-14,L13-14,L13-14,L13-14,L13-14,L13-14,L13-14,L13-14,L13-14,L13-14,L13-14,L13-14,L13-14,L13-14,L13-14,L13-14,L13-14,L13-14,L13-14,L13-14,L13-14,L13-14,L13-14,L13-14,L13-14,L13-14,L13-14,L13-14,L13-14,L13-14,L13-14,L13-14,L13-14,L13-14,L13-14,L13-14,L13-14,L13-14,L13-14,L13-14,L13-14,L13-14,L13-14,L13-14,L13-14,L13-17,L13-17,L13-17,L13-17,L13-17,L13-17,L13-17,L13-17,L13-17,L13-17,L13-17,L13-17,L13-17,L13-17,L13-17,L13-17,L13-17,L13-17,L13-17,L13-17,L13-17,L13-17,L13-17,L13-17,L13-17,L13-17,L13-17,L13-17,L13-17,L13-17,L13-17,L13-17,L13-17,L13-17,L13-17,L13-17,L13-17,L13-17,L13-17,L13-17,L13-17,L13-17,L13-17,L13-17,L13-17,L13-17,L13-17,L13-17,L13-17,L13-17,L13-17,L13-17,L13-17,L13-17,L13-17,L13-17,L13-17,L13-17,L13-17,L13-17,L13-17,L13-19,L13-19,L13-19,L13-19,L13-19,L13-19,L13-19,L13-19,L13-19,L13-19,L,L,L,L,L,L,L,L,K-L,K-L,J-L,J-L,I-L,G-L,D-L,A-L
D9,D9,D9,D9,D9,D9,D9,D9,D9,D9,D9,D9,D9,D9,D9,D9,D9,D9,D9,D9,D9,D9,D9,D9,D9,D9,D9,D9,D9,D9,D9,D9,D9,D9,D9,D9,D9,D9,D9,D9,D9,D9,D9,D9,D9,D9,D9,D9,D9,D9,D9,D9,D9,D9,D9,D9,D9,D9,D9,D9,D9,D9,D9,D9,D9,D9,D9,D9,D9,D9,D9,D9,D9,D9,D9,D9,D9,D9,D9,D9,D9,D9,D9,D9,D9,D9,D8-9,D8-9,D8-9,D8-9,D8-9,D8-9,D8-9,D8-9,D8-9,D8-9,D8-9,D8-9,D8-9,D8-9,D8-9,D8-9,D8-9,D8-9,D8-9,D8-9,D8-9,D8-9,D8-9,D8-9,D8-9,D8-9,D8-9,D8-9,D8-9,D8-9,D8-9,D8-9,D8-9,D8-9,D8-9,D8-9,D8-9,D8-9,D8-9,D8-9,D8-9,D8-9,D8-9,D8-9,D8-9,D8-9,D8-9,D8-9,D8-9,D8-9,D8-9,D8-9,D8-9,D8-9,D8-9,D8-9,D8-9,D8-9,D8-9,D8-9,D8-9,D8-9,D8-9,D8-9,D8-9,D8-9,D8-9,D8-9,D8-9,D8-9,D8-9,D8-9,D8-9,D8-9,D8-9,D8-9,D8-9,D8-9,D8-9,D8-9,D8-14,D8-14,D8-14,D8-14,D8-14,D8-14,D8-14,D8-14,D8-14,D8-14,D8-14,D8-14,D8-14,D8-14,D8-14,D8-14,D8-14,D,D,D,D,D,D,D,D,D,D,D-F,D-F,D-F,D-F,D-F,D-L,A-L
I9,I9,I9,I9,I9,I9,I9,I9,I9,I9,I9,I9,I9,I9,I9,I9,I9,I9,I9,I9,I9,I9,I9,I9,I9,I9,I9,I9,I9,I9,I9,I9,I9,I9,I9,I9,I9,I9,I9,I9,I9,I9,I9,I9,I9,I8-9,I8-9,I8-9,I8-9,I8-9,I8-9,I8-9,I8-9,I8-9,I8-9,I8-9,I8-9,I8-9,I8-9,I8-9,I8-9,I8-9,I8-9,I8-9,I8-9,I8-9,I8-9,I8-9,I8-9,I8-9,I8-9,I8-9,I8-9,I8-9,I8-9,I8-9,I8-9,I8-9,I8-9,I8-9,I8-9,I8-9,I8-9,I8-9,I8-9,I8-9,I8-9,I8-9,I8-9,I8-9,I8-9,I8-9,I8-9,I8-9,I8-9,I8-9,I8-9,I8-9,I8-9,I8-9,I8-9,I8-9,I8-9,I8-9,I7-9,I7-9,I7-9,I7-9,I7-9,I7-9,I7-9,I7-9,I7-9,I7-9,I7-9,I7-9,I7-9,I7-9,I7-9,I7-9,I7-9,I7-9,I7-9,I7-9,I7-9,I7-9,I7-9,I7-9,I7-9,I7-9,I7-9,I7-9,I7-9,I7-9,I7-9,I7-9,I7-9,I7-9,I7-9,I7-9,I7-9,I7-9,I7-9,I7-9,I7-9,I7-9,I7-9,I6-9,I6-9,I6-9,I6-9,I6-9,I6-9,I6-9,I6-9,I6-9,I6-9,I6-9,I6-9,I6-9,I6-9,I6-9,I6-9,I6-9,I6-9,I6-9,I6-9,I6-9,I6-9,I6-9,I6-13,I6-13,I6-13,I6-13,I6-13,I6-13,I6-13,I6-13,I6-13,I6-13,I6-13,I6-13,I,I,I,I,I,I,I,I,I,I,I,I,I,I,I-L,G-L,D-L,A-L
C1,C1,C1,C1,C1,C1,C1,C1,C1,C1,C1,C1,C1,C1,C1,C1,C1,C1,C1,C1,C1,C1,C1,C1,C1,C1,C1,C1,C1,C1,C1,C1,C1,C1,C1,C1,C1,C1,C1,C1,C1,C1,C1,C1,C1,C1,C1,C1,C1,C1,C1,C1,C1,C1,C1,C1,C1,C1,C1,C1,C1,C1,C1,C1,C1,C1,C1,C1,C1,C1,C1,C1,C1,C1,C1,C1,C1,C0-1,C0-1,C0-1,C0-1,C0-1,C0-1,C0-1,C0-1,C0-1,C0-1,C0-1,C0-1,C0-1,C0-1,C0-1,C0-1,C0-1,C0-1,C0-1,C0-1,C0-1,C0-1,C0-1,C0-1,C0-1,C0-1,C0-1,C0-1,C0-1,C0-1,C0-1,C0-1,C0-1,C0-1,C0-1,C0-1,C0-1,C0-1,C0-1,C0-1,C0-1,C0-1,C0-1,C0-1,C0-1,C0-1,C0-1,C0-1,C0-1,C0-1,C0-1,C0-1,C0-1,C0-1,C0-1,C0-1,C0-1,C0-1,C0-1,C0-1,C0-1,C0-1,C0-1,C0-1,C0-1,C0-1,C0-1,C0-1,C0-1,C0-1,C0-1,C0-1,C0-1,C0-1,C0-1,C0-1,C0-1,C0-1,C0-4,C0-4,C0-4,C0-4,C0-4,C0-4,C0-4,C0-4,C0-4,C0-4,C0-4,C0-4,C0-4,C0-4,C0-4,C0-4,C0-4,C0-4,C0-4,C0-4,C0-4,C0-4,C0-4,C0-4,C0-4,C0-4,C0-4,C0-4,C0-4,C0-4,C0-4,C0-4,C0-4,C,C,B-C,B-C,B-C,B-C,B-C,A-C,A-C,A-C,A-C,A-L
A1,A1,A1,A1,A1,A1,A1,A1,A1,A1,A1,A1,A1,A1,A1,A1,A1,A1,A1,A1,A1,A1,A1,A1,A1,A1,A1,A1,A1,A1,A1,A1,A1,A1,A1,A1,A1,A1,A1,A1,A1,A1,A1,A1,A1,A1,A1,A1,A1,A1,A1,A1,A1,A1,A1,A1,A1,A1,A1,A1,A1,A1,A1,A1,A1,A1,A1,A1,A1,A1,A1,A1,A1,A1,A1,A1,A1,A1,A1,A1,A1,A1,A1,A1,A1,A1,A1,A1,A1,A0-1,A0-1,A0-1,A0-1,A0-1,A0-1,A0-1,A0-1,A0-1,A0-1,A0-1,A0-1,A0-1,A0-1,A0-1,A0-1,A0-1,A0-1,A0-1,A0-1,A0-1,A0-1,A0-1,A0-1,A0-1,A0-1,A0-1,A0-1,A0-1,A0-1,A0-1,A0-1,A0-1,A0-1,A0-1,A0-1,A0-1,A0-1,A0-1,A0-1,A0-1,A0-1,A0-1,A0-1,A0-1,A0-1,A0-1,A0-1,A0-1,A0-1,A0-1,A0-1,A0-1,A0-1,A0-1,A0-1,A0-1,A0-1,A0-1,A0-1,A0-3,A0-3,A0-3,A0-3,A0-3,A0-3,A0-3,A0-3,A0-3,A0-3,A0-3,A0-3,A0-3,A0-3,A0-3,A0-3,A0-3,A0-3,A0-3,A0-3,A0-3,A0-3,A0-3,A0-3,A0-3,A0-3,A0-8,A0-8,A0-8,A0-8,A0-8,A0-8,A0-8,A0-8,A0-8,A0-8,A0-8,A0-8,A,A,A,A,A,A,A,A,A-C,A-C,A-C,A-C,A-L
B2,B2,B2,B2,B2,B2,B2,B2,B2,B2,B2,B2,B2,B2,B2,B2,B2,B2,B2,B2,B2,B2,B2,B2,B2,B2,B2,B2,B2,B2,B2,B2,B2,B2,B2,B2,B2,B2,B2,B2,B1-2,B1-2,B1-2,B1-2,B1-2,B1-2,B1-2,B1-2,B1-2,B1-2,B1-2,B1-2,B1-2,B1-2,B1-2,B1-2,B1-2,B1-2,B1-2,B1-2,B1-2,B1-2,B1-2,B1-2,B1-2,B1-2,B1-2,B1-2,B1-2,B1-2,B1-2,B1-2,B1-2,B1-2,B1-2,B1-2,B1-2,B1-2,B1-2,B1-2,B1-2,B1-2,B1-2,B1-2,B1-2,B1-2,B1-2,B1-2,B1-2,B1-2,B1-2,B1-2,B1-2,B1-2,B1-2,B1-2,B1-2,B1-2,B1-2,B1-2,B1-2,B1-2,B1-2,B1-2,B1-2,B1-2,B1-2,B1-2,B1-2,B1-2,B1-2,B1-4,B1-4,B1-4,B1-4,B1-4,B1-4,B1-4,B1-4,B1-4,B1-4,B1-4,B1-4,B1-4,B1-4,B1-4,B1-4,B1-4,B1-4,B1-4,B1-4,B0-4,B0-4,B0-4,B0-4,B0-4,B0-4,B0-4,B0-4,B0-4,B0-4,B0-4,B0-4,B0-4,B0-4,B0-4,B0-4,B0-4,B0-4,B0-4,B0-4,B0-4,B0-4,B0-4,B0-4,B0-4,B0-4,B0-4,B0-4,B0-4,B0-4,B0-4,B0-4,B0-4,B0-4,B0-4,B0-4,B0-4,B0-4,B0-14,B0-14,B0-14,B0-14,B0-14,B0-14,B0-14,B0-14,B0-14,B0-14,B0-14,B0-14,B0-14,B0-14,B0-14,B0-14,B0-14,B,B,B,B,B-C,B-C,B-C,B-C,B-C,A-C,A-C,A-C,A-C,A-L
K5,K5,K5,K5,K5,K5,K5,K5,K5,K5,K5,K5,K5,K5,K5,K5,K5,K5,K5,K5,K4-5,K4-5,K4-5,K4-5,K4-5,K4-5,K4-5,K4-5,K4-5,K4-5,K4-5,K4-5,K4-5,K4-5,K4-5,K4-5,K4-5,K4-5,K4-5,K4-5,K4-5,K4-5,K4-5,K4-5,K4-5,K4-5,K4-5,K4-5,K4-5,K4-5,K4-5,K4-5,K4-5,K4-5,K4-5,K4-5,K4-5,K4-5,K4-5,K4-5,K4-5,K4-5,K4-5,K4-5,K4-5,K4-5,K4-5,K4-5,K4-5,K4-5,K4-5,K4-5,K4-5,K4-5,K4-5,K4-5,K4-5,K4-5,K4-5,K4-5,K4-5,K4-5,K4-5,K4-5,K3-5,K3-5,K3-5,K3-5,K3-5,K3-5,K3-5,K3-5,K3-5,K3-5,K3-5,K3-5,K3-5,K3-5,K3-5,K3-5,K3-5,K3-5,K3-5,K3-5,K3-5,K3-5,K3-5,K3-5,K3-5,K3-5,K3-5,K3-5,K3-5,K3-5,K3-5,K3-5,K3-5,K3-5,K3-5,K3-5,K3-5,K3-5,K3-5,K3-5,K3-5,K3-5,K3-5,K3-5,K3-5,K3-5,K3-5,K3-5,K3-5,K1-5,K1-5,K1-5,K1-5,K1-5,K1-5,K1-5,K1-5,K1-5,K1-5,K1-5,K1-5,K1-5,K1-5,K1-5,K1-5,K1-5,K1-5,K1-5,K0-5,K0-5,K0-5,K0-5,K0-5,K0-5,K0-5,K0-5,K0-5,K0-5,K0-5,K0-5,K0-5,K0-5,K0-5,K0-5,K0-5,K0-5,K0-5,K0-5,K0-5,K0-5,K0-5,K0-5,K0-5,K0-5,K0-5,K,K,K,K,K,K,K,K,K,K,K,K,K,K-L,K-L,J-L,J-L,I-L,G-L,D-L,A-L
D11,D11,D10-11,D10-11,D10-11,D10-11,D10-11,D10-11,D10-11,D10-11,D10-11,D10-11,D10-11,D10-11,D10-11,D10-11,D10-11,D10-11,D10-11,D10-11,D10-11,D10-11,D10-11,D10-11,D10-11,D10-11,D10-11,D10-11,D10-11,D10-11,D10-11,D10-11,D10-11,D10-11,D10-11,D10-11,D10-11,D10-11,D10-11,D10-11,D10-11,D10-11,D10-11,D10-11,D10-11,D10-11,D10-11,D10-11,D10-11,D10-11,D10-11,D10-11,D10-11,D10-11,D10-11,D10-11,D10-11,D10-11,D10-11,D10-11,D10-11,D10-11,D10-11,D10-11,D10-11,D10-11,D10-11,D10-11,D10-11,D10-11,D10-11,D10-11,D10-11,D10-11,D10-11,D10-11,D10-11,D10-11,D10-11,D10-11,D10-11,D10-11,D10-11,D10-11,D10-11,D10-11,D10-11,D10-11,D10-11,D10-11,D10-11,D10-11,D10-11,D10-11,D10-11,D10-11,D10-11,D10-11,D10-11,D10-11,D10-11,D10-11,D10-11,D10-11,D10-11,D10-11,D10-11,D10-11,D10-11,D10-11,D10-11,D10-11,D10-11,D10-11,D10-11,D10-11,D10-11,D10-11,D10-11,D10-11,D10-11,D10-11,D10-11,D10-11,D10-11,D10-11,D10-11,D10-11,D10-11,D10-11,D10-11,D10-11,D10-11,D10-11,D10-11,D10-11,D10-14,D10-14,D10-14,D10-14,D10-14,D10-14,D10-14,D10-14,D10-14,D10-14,D10-14,D10-14,D10-14,D10-14,D10-14,D10-14,D10-14,D10-14,D10-14,D10-14,D10-14,D10-14,D10-14,D10-14,D10-14,D10-14,D10-14,D10-14,D10-14,D10-14,D8-14,D8-14,D8-14,D8-14,D8-14,D8-14,D8-14,D8-14,D8-14,D8-14,D8-14,D8-14,D8-14,D8-14,D8-14,D8-14,D8-14,D,D,D,D,D,D,D,D,D,D,D-F,D-F,D-F,D-F,D-F,D-L,A-L
